Sentiment,tweet_tokens_stemmed
negative,"['akun', 'kloning', 'pendukung', 'menyerang', 'paslon', 'opini', 'argumen', 'pmbenaranjangan', 'terkecoh']"
negative,"['bicara', 'kasihan', 'yaalap', 'air', 'matanya', 'wkwkwkwk']"
negative,"['nunggu', 'hasil', 'qc', 'nunggu', 'motif', 'cuitan', 'pasca', 'nyungsep']"
negative,"['kasian', 'kasian', 'peluru', 'milyar', 'rw', 'mempan', 'menangin', 'pilkada']"
negative,"['maaf', 'pendukung', 'dukung', 'diputaran']"
negative,"['aneh', 'lebay', 'pautkan', 'kandidat', 'calgub', 'lebay', 'dukung']"
negative,"['allah', 'swt', 'ucapkan', 'syukur', 'terimakasih', 'makna', 'suara']"
negative,"['terima', 'kasih', 'teruntuk', 'pendukung', 'kalianlah', 'pembeda']"
negative,"['trima', 'kasih', 'keistiqomahan', 'relawan', 'tlh', 'mengantarkan', 'signifikan']"
negative,"['mengenang', 'pidato', 'kekalahan']"
negative,"['dammnn', 'politik', 'cantik', 'ngorbanin']"
negative,"['batal', 'nyoblos', 'kertas', 'suara']"
negative,"['ngakak', 'survey', 'mu', 'panggang', 'api']"
negative,"['kemarin', 'april', 'suaraku', 'paslon']"
negative,"['karna', 'belebihan']"
negative,"['kemana', 'lepas', 'kalah', 'tutup', 'mulut', 'koar', 'bongkar', 'sby']"
negative,"['pencatutan', 'nama', 'mpo', 'melanggar', 'hukum', 'wkwkwkwkkwkk']"
negative,"['suka', 'ahok', 'pas', 'kalah', 'otomatis', 'dukungannya', 'lari', 'aniessandi']"
negative,"['banteng', 'garuda', 'ksatria', 'bpk', 'gentle', 'cinta']"
negative,"['gara', 'ektp', 'dikorupsi', 'fotoku', 'pelan', 'skrang', 'stickmoticons']"
negative,"['double', 'lol', 'nuduh', 'miskin', 'ide', 'copy']"
negative,"['kemana', 'antasari', 'kalah', 'melempem', 'benerbener', 'akting']"
negative,"['modal', 'omongan']"
negative,"['pakdhe', 'karwo', 'pilgub', 'jatim', 'dhe', 'karwo', 'isyaratkan', 'agus', 'maju', 'pilgub', 'jatim']"
negative,"['paslon', 'salah', 'langkah', 'sandi', 'bumerang', 'gagal', 'suara']"
negative,"['relawan', 'gembosi']"
negative,"['manakah', 'ksatria', 'samurai', 'prajurit', 'pembangun', 'semangat', 'harapan', 'pahlawan', 'dinantinantikan', 'rakyat']"
negative,"['arena', 'tabir', 'kegelapan', 'tiada', 'harapan', 'menyergap', 'rakyat', 'kemana', 'rakyat', 'mencari', 'ketulusan']"
negative,"['isu', 'diangkat', 'video', 'dishare', 'video', 'disebar', 'buzzer', 'jelang', 'disebar']"
negative,"['bu', 'carik', 'coblos', 'kemarin', 'piss']"
negative,"['awas', 'ye', 'dukungan', 'suara', 'pendukung']"
negative,"['pelaku', 'pengirim', 'sms', 'gelap', 'antasari', 'azhar']"
negative,"['antasari', 'diancam', 'harry', 'tanoe']"
negative,"['tuduhan', 'kerap', 'dilontarkan', 'anak', 'ingusan', 'mayor', 'terdengar', 'dudah', 'berubah', 'sanjungan']"
negative,"['joke', 'terbaik', 'pilkada', 'serentak', 'pku', 'pari']"
negative,"['curiga', 'saldonya', 'kenti', 'blt', 'berbuat', 'curiga', 'mekanismenya']"
negative,"['ahoker', 'bully']"
negative,"['sayang', 'mayor', 'dikader', 'pemimpin', 'sma', 'taruna', 'beliau', 'teratas', 'pilihan']"
negative,"['setuju', 'bangett', 'bersyukur', 'kemrin', 'banjir', 'sibuk', 'mencari', 'pembelaan', 'sombong']"
negative,"['pakai', 'sedotan', 'sodetan', 'versi']"
negative,"['hellloooo', 'suara', 'rakyat', 'ngerti', 'suara', 'rakyat', 'suaranya', 'dek', 'ngopi']"
negative,"['cari', 'teman', 'pdhal', 'gubernur']"
negative,"['kesatria', 'lapang', 'dada', 'hoax', 'kalah', 'menang', 'ulama', 'bayaran']"
negative,"['agus', 'tersingkir', 'ahok', 'anies', 'rebutan', 'suara', 'ahy', 'kepentingan', 'kelompok']"
negative,"['kehilangan', 'kesempatan', 'menduduki', 'gubernur', 'dki']"
negative,"['konstituen', 'risih', 'mulutnya', 'ahok', 'pilih', 'anies', 'gerombolan', 'khilafah', 'dibelakangnya', 'memilih', 'ahok']"
negative,"['cari', 'teman', 'yeedan', 'gubernur', 'barutunggu', 'hasil', 'resmi', 'kpu', 'dengar', 'pernyataan']"
negative,"['blunder', 'hina', 'butuh', 'suara', 'ngemis', 'hina']"
negative,"['mencaci', 'maki', 'pepo', 'memo', 'hrs', 'mengemis', 'suara', 'hina']"
negative,"['golput', 'pemilih', 'nampaknya']"
negative,"['merhatiin', 'relawan', 'rehat', 'ganjal', 'islah', 'relawan']"
negative,"['pakar', 'mantan', 'sby', 'surat', 'anas', 'urbaningrum', 'jeruji', 'besi', 'sindiran', 'mantan']"
negative,"['sekeluarga', 'pemilih', 'program', 'sekeluarga', 'milih']"
negative,"['sylvi', 'aniessandiaga', 'basukidjarot', 'debat', 'pilkada', 'dki', 'jual', 'mimpi', 'gubernur']"
negative,"['bang', 'aji', 'disitu', 'kalah']"
negative,"['rendah', 'hati', 'pendukung', 'paslon', 'berat', 'hati', 'foto']"
negative,"['bangga', 'anak', 'memo']"
negative,"['pendukung', 'sulit', 'melupakan', 'bully']"
negative,['hancur']
negative,"['anggap', 'sebulan', 'dijual', 'pindah', 'tangan', 'elit', 'partai', 'gerindra', 'pks']"
negative,"['antasari', 'konferensi', 'pers', 'sby', 'sby', 'konferensi', 'pers', 'sby', 'rengekan', 'anak']"
negative,"['tim', 'tidur']"
negative,"['coba', 'beretika', 'dukungan', 'konstituen', 'setia', 'menipu', 'meme', 'berita', 'palsu', 'rachland', 'nashidik']"
negative,"['kasihan', 'menyadari', 'musuh', 'sarung', 'selfienya', 'motivasi', 'terselubung']"
negative,"['amieeennnnn', 'lupa', 'janji', 'manis', 'kampanye', 'mayor', 'sejati']"
negative,"['pilkada', 'dki', 'ahy', 'sby', 'target', 'hoax', 'fitnah', 'akunakun', 'pendukung', 'ahok']"
negative,"['ahy', 'mentah', 'dikarbit', 'demokrat', 'pilkada', 'dki', 'kemenangan', 'pemilu', 'memakai', 'sentimen', 'sara']"
negative,"['akibat', 'pernyataan', 'antasari', 'suara', 'ahy', 'melorot', 'pilkada', 'dki']"
negative,"['enam', 'kampanye', 'pilkada', 'kubu', 'ahy', 'pendukung', 'ahok', 'sibuk', 'serang', 'program', 'ahy', 'kampanye', 'program', 'ahok']"
negative,"['dicontohkan', 'ahy', 'pendukungnya', 'paska', 'putaran', 'pilkada', 'dki', 'jakarta', 'perentangan', 'tajam']"
negative,"['ahy', 'tim', 'berjalan', 'menjauh', 'hiruk', 'pikuk', 'pilkada', 'melanjutkan', 'perjalanan', 'politik', 'kecewa']"
negative,"['ahy', 'kalah', 'berpidato', 'timnya', 'terdiam', 'menangis', 'melepaskan', 'pilkada', 'dki']"
negative,"['sejujurnya', 'penilaian', 'subyektif', 'cepat', 'ahy', 'kalah', 'pilkada', 'modal', 'catatan', 'negatif']"
negative,"['tolak', 'bajingan', 'tengik', 'ahy', 'tukang', 'sogok', 'pemilih', 'bangsat', 'ahy', 'sungguh', 'berbahaya']"
negative,"['tolak', 'ahy', 'berpolitik', 'membawa', 'agama']"
negative,"['pendukung', 'ahy', 'terima', 'hasil', 'surveyharusnya', 'tolak', 'acuan', 'semangat']"
negative,"['sahsah', 'tolak', 'ukur', 'kedewasaan', 'warga', 'dki', 'ahy', 'menang', 'pola', 'pikir', 'warga', 'primitif']"
negative,"['suara', 'warga', 'dihargai', 'sembako', 'tolak', 'ahy', 'penyuapan', 'warga']"
negative,"['ahy', 'pilkada']"
negative,"['tinggal', 'seleksi', 'tendemnya', 'pilkada', 'dki', 'ahy', 'kalah', 'tendemnya', 'salah', 'pilih', 'mengurangi', 'kualitas', 'ahy']"
negative,"['segelintir', 'pendukung', 'ahy', 'ditikung', 'tweet', 'akun', 'resmi', 'parpol', 'pendukung', 'aniessandi']"
negative,"['ahy', 'menanggung', 'akibat', 'cuitan', 'ayahnya', 'produktif']"
negative,"['kering', 'darah', 'menghisap', 'darah', 'mumpung', 'stok', 'darahnya', 'bergudanggudang', 'darah', 'hantu', 'diminum', 'setan']"
negative,"['reaksi', 'pendukung', 'ahy', 'bersikap', 'baper', 'pecundang', 'ajang', 'pilkada']"
negative,"['suara', 'bergetar', 'ahy', 'maaf', 'kecewakan', 'pendukungnya']"
negative,"['ahy', 'kalah', 'kandang', 'respon', 'tetangga']"
negative,"['lini', 'pertahanan', 'ahy', 'rapuh', 'debat', 'efek', 'aksi', 'efek', 'antasari', 'efek']"
negative,"['gagal', 'pilkada', 'dki', 'jakarta', 'ahy', 'diisukan', 'maju', 'pilgub', 'jatim']"
negative,"['ahok', 'melejit', 'anies', 'menanjak', 'ahy', 'mengapung']"
negative,"['berdasarkan', 'survey', 'ahy', 'selamat']"
negative,"['meninggalkan', 'zona', 'aman', 'nyaman', 'kemajuan', 'jakarta', 'hasil', 'sesuai', 'harapan', 'ahy']"
negative,"['kasihan', 'ahy', 'kalah', 'umroh', 'dibantu', 'doa', 'juta', 'umatternyata', 'allah', 'netral', 'berpolitik']"
negative,"['jual', 'baju', 'bekas', 'ahy', 'pm', 'info']"
negative,"['ahy', 'vocalis', 'band', 'rock', 'yaaaa', 'lompat', 'lompat', 'mulu', 'bang', 'kerjaannya']"
negative,"['kasian', 'nasib', 'ahy', 'karir', 'tni', 'tamat', 'nafsu', 'pepo', 'cepat', 'parpol', 'dagang', 'ak']"
negative,"['sby', 'ahy', 'kalah', 'garagara', 'antasari', 'survey', 'menunjukan', 'ahy', 'merosot', 'elektabilitasnya']"
negative,"['presiden', 'tv', 'rusak', 'ahy', 'hasil', 'qc']"
negative,"['pepo', 'prihatin', 'ahy', 'pecundang']"
negative,"['selamat', 'ahy', 'rakyat', 'mundur', 'tni', 'kalah', 'pilkada', 'dki']"
negative,"['heeebohhhhagus', 'sylvi', 'kalah', 'tps', 'tmpat', 'hak', 'pilihnya']"
negative,"['pilih', 'semoga', 'demokrat', 'dukung', 'ahok']"
negative,"['demokrat', 'ahok', 'gerindra', 'tantangan', 'bermain', 'politik', 'kotor']"
negative,"['mesin', 'robot', 'sylvi', 'lupa', 'dimatiin', 'trending', 'topik']"
negative,"['pendukung', 'mari', 'rapatkan', 'barisan', 'paslon', 'buang', 'issu', 'miring', 'paslon', 'dipimpin', 'terdakwa', 'simulut', 'ember']"
negative,"['rakyat', 'menangis', 'kalah', 'aspek', 'pribadi', 'kepentingan', 'rakyat']"
negative,"['hati', 'caper', 'ahysilvy', 'protes', 'face', 'with', 'stuckout', 'tounges', 'rolling', 'floor', 'laughing', 'rolling', 'floor', 'laughing']"
negative,"['ahy', 'menang', 'pilgub', 'dki', 'ngumpulin', 'bola', 'dragon', 'ball', 'rolling', 'floor', 'laughing', 'rolling', 'floor', 'laughing']"
negative,"['ahy', 'inget', 'norman', 'kamaru', 'ahy', 'jualan', 'bubur', 'haji', 'smiling', 'face', 'with', 'open', 'mouth', 'smiling', 'eyes']"
negative,"['ahy', 'tersingkir', 'persevering', 'face', 'persevering', 'face', 'dilanjuntukan', 'putaran', 'ahokdjarot', 'aniessandi']"
negative,"['ahy', 'nyungsep', 'bapaknya', 'menyarankan', 'coblos', 'smiling', 'face', 'with', 'open', 'mouth', 'smiling', 'eyes']"
negative,"['nyoblos', 'berkabung', 'tongue', 'memakai', 'baju', 'hitamatau', 'sedih', 'smiling', 'face', 'with', 'open', 'mouth', 'smiling', 'eyes', 'tv']"
negative,"['ahy', 'cemas', 'situasi', 'sosial', 'pilkada', 'jakarta', 'pilkada', 'dki', 'jakarta', 'berdampak', 'negatif']"
negative,"['ahy', 'kalah', 'sisi', 'negatif', 'umat', 'islam', 'tertunda', 'menempatkan', 'pemimpin', 'sisi', 'positif', 'umat', 'islam', 'terhindar', 'hujat', 'buka', 'aib']"
negative,"['ahy', 'ahy', 'ngomong', 'karakter', 'barusan', 'omongkan', 'sisi', 'negatif', 'tongue', 'oncoming', 'fist']"
negative,"['ahy', 'membicarakan', 'negatif', 'jakarta', 'solusi', 'mengatasi', 'nol', 'thumbs', 'down']"
negative,"['kicauan', 'negatif', 'sby', 'diyakini', 'pengaruhi', 'elektabilitas', 'ahy', 'via']"
negative,"['alloh', 'tuhan', 'yme', 'ahy', 'didukung', 'senator', 'beraura', 'negatif']"
negative,"['menemukan', 'foto', 'lingkaran', 'ahy', 'penuh', 'integritas', 'kwalitas', 'negatif', 'waspada', 'waspada', 'thumbs', 'down']"
negative,"['ahy', 'sentimennya', 'negatif', 'wkwkwkface', 'with', 'stuckout', 'tounges']"
negative,"['senjata', 'makan', 'tuan', 'karma', 'kicauan', 'negatif', 'sby', 'diyakini', 'pengaruhi', 'elektabilitas', 'ahy', 'face', 'with', 'stuckout', 'tounges']"
negative,"['anieshilangya', 'grimacing', 'face', 'grimacing', 'face']"
negative,"['anies', 'hilang', 'debat', 'grimacing', 'face', 'grimacing', 'face']"
negative,"['mesti', 'nyuruh', 'mantan', 'pemilih', 'pilih', 'paslon', 'face', 'with', 'open', 'mouth', 'thumbs', 'up', 'hand', 'folded', 'hands', 'thinking', 'face', 'smiling', 'face', 'with', 'sunglasses']"
negative,"['kenape', 'dilawan', 'pasangan', 'pilgub', 'jabar', 'demokrat', 'emang', 'hrs', 'pilgub', 'dki', 'thinking', 'face', 'thinking', 'face', 'thinking', 'face']"
negative,"['gara', 'kemaren', 'pake', 'seragam', 'hitam', 'thinking', 'face', 'thinking', 'face', 'thinking', 'face', 'smiling', 'face', 'with', 'open', 'mouth', 'closed', 'eyes', 'smiling', 'face', 'with', 'sunglasses']"
negative,"['suka', 'ahok', 'pas', 'kalah', 'otomatis', 'dukungannya', 'lari', 'aniessandi', 'grimacing', 'face']"
negative,"['ahoker', 'bully']"
negative,"['putri', 'ahoker', 'ngebully', 'program', 'face', 'with', 'tears', 'joy', 'face', 'with', 'tears', 'joy', 'face', 'with', 'tears', 'joy']"
negative,"['kirim', 'kaosnya', 'sejati', 'smiling', 'face', 'with', 'smiling', 'eyes', 'smiling', 'face', 'with', 'smiling', 'eyes', 'smiling', 'face', 'with', 'smiling', 'eyes']"
negative,"['frowning', 'face']"
negative,"['humorlagu', 'kisah', 'sedih', 'ahy', 'lagu', 'jatuh', 'bangun', 'frowning', 'face', 'frowning', 'face']"
negative,"['cuitan', 'hati', 'sbycuitan', 'sby', 'jokowi', 'mantan', 'mantan', 'terindahpilgub', 'dki', 'tongue', 'tongue']"
negative,"['kasihan', 'dik', 'semoga', 'miskin', 'aamiin', 'thumbs', 'up', 'dihati', 'tongue']"
negative,"['bangga', 'anak', 'memo', 'tongue', 'face', 'with', 'stuckout', 'tongue', 'closed', 'eyes', 'face', 'with', 'tears', 'joy']"
negative,"['pendukung', 'sulit', 'melupakan', 'bully', 'thumbs', 'down']"
negative,"['versi', 'video', 'bingung', 'bicara', 'banjir', 'kota', 'apung', 'face', 'with', 'stuckout', 'tongue', 'closed', 'eyes', 'permukaan', 'tanah', 'air', 'bengong', 'smiling', 'face', 'with', 'open', 'mouth', 'closed', 'eyes']"
negative,"['ahokers', 'mendadak', 'salah', 'banget', 'face', 'with', 'stuckout', 'tongue', 'closed', 'eyes', 'face', 'with', 'stuckout', 'tongue', 'closed', 'eyes', 'face', 'with', 'stuckout', 'tongue', 'closed', 'eyes', 'face', 'with', 'stuckout', 'tongue', 'closed', 'eyes', 'face', 'with', 'stuckout', 'tongue', 'closed', 'eyes']"
negative,"['hoax', 'tidakada', 'habisnya', 'foto', 'pencoblosanfotonya', 'hoax', 'tulisanya', 'penuh', 'dusta', 'angry', 'face']"
negative,"['deklarasi', 'konsultasi', 'persetujuan', 'ahy']"
negative,"['lantoni', 'telikung', 'nama', 'dibajak', 'face', 'with', 'stuckout', 'tongue', 'closed', 'eyes']"
negative,"['pilih', 'mules', 'kontestasi', 'politik', 'putaran', 'pig', 'nose', 'pig', 'nose']"
negative,"['biarkan', 'pengorbanan', 'perjuangan', 'rezim', 'koplak', 'komando', 'fire', 'fire']"
negative,"['hati', 'mencermatinya', 'penyusup', 'terpantau', 'person', 'bowing', 'team']"
negative,"['ayo', 'pendukung', 'ahy', 'dukung', 'penggembosmu', 'tongue', 'fire', 'fire']"
negative,"['suara', 'direbuntukan', 'btp', 'melanjuntukan', 'program', 'usung', 'expressionless', 'face']"
negative,"['tweet', 'kontraproduktif', 'zippermouth', 'face', 'zippermouth', 'face', 'zippermouth', 'face']"
negative,"['ahy', 'nyungsep', 'jakarta']"
negative,"['suara', 'rusak', 'garagara', 'nyanyian', 'peka', 'sby', 'jeblos', 'penjara', 'pupus', 'disana', 'face', 'with', 'steam', 'nose']"
negative,"['awas', 'mendadak', 'metamorfosis', 'kecebong', 'brubah', 'anjing', 'penjilat', 'hand', 'clapping', 'hands']"
negative,"['tinggal', 'tunggu', 'sikap', 'manuver', 'agus', 'clapping', 'hands', 'face', 'with', 'cold', 'sweat', 'face', 'with', 'cold', 'sweat']"
positive,"['doa', 'ku', 'semoga', 'suaranya', 'agussylvi', 'beneran', 'agus', 'mu']"
positive,"['terima', 'kasih', 'karenamu', 'anak', 'muda', 'berani', 'menyuarakan', 'perubahan', 'bersamamu']"
positive,"['ketemu', 'istiqlal', 'bangga', 'murni']"
positive,"['tersingkir', 'kancah', 'pilkada', 'dki', 'mengangkat', 'mendunia']"
positive,"['pilkada', 'dki', 'ahy', 'kualitasnya', 'pemimpin', 'muda', 'berjiwa', 'ksatria', 'ahy', 'mendunia']"
positive,"['pilkada', 'dki', 'ahy', 'keliling', 'nusantara', 'merajut', 'persatuan', 'jakarta']"
positive,"['ahy', 'menitipkan', 'menjaga', 'pluralisme', 'kebangsaan', 'kesatuan', 'persaingan', 'pilkada', 'persatuan']"
positive,"['ahy', 'kalah', 'pilkada', 'menang', 'hati', 'rakyat']"
positive,"['pendukung', 'ahok', 'berantem', 'mending', 'kaya', 'pendukung', 'ahy', 'kopdar', 'luas', 'calon']"
positive,"['ahy', 'pilkada', 'dki', 'hikmah', 'pelajaran', 'ujian', 'tantangan', 'ambil', 'mematangkan', 'karakternya']"
positive,"['semangat', 'ahy', 'faktor', 'kekalahan', 'pilkada', 'kemarin', 'wakil', 'ahy', 'maju', 'insyaalloh']"
positive,"['upaya', 'demokrat', 'mengenalkan', 'ahy', 'berhasil', 'pilkada', 'jakarta', 'ahy', 'blusukan', 'indonesia']"
positive,"['prinsip', 'kepemimpinan', 'memenangkan', 'pilkada', 'belajar', 'dinamis', 'silaban']"
positive,"['pilihan', 'warga', 'jkt', 'mayoritas', 'ahok', 'calon', 'ahok', 'terbukti', 'putaran', 'pilkada', 'dki', 'mayoritas', 'memilih', 'ahy', 'anies']"
positive,"['akun', 'instagram', 'ahy', 'ucapkan', 'selamat', 'paslon', 'pemenang', 'pilkada', 'dki', 'jakarta']"
positive,"['menyeberangi', 'selat', 'malaka', 'aiman', 'kompastv', 'kesempatan', 'mewawancarai', 'ahy', 'pilkada', 'dki']"
positive,"['ahy', 'pilkada', 'dki', 'berjalan', 'bermartabat']"
positive,"['kagum', 'ahy', 'muda', 'berani', 'pensiun', 'berani', 'menantang', 'ahok', 'pilkada', 'disaat', 'takut']"
positive,"['pilkada', 'dki', 'berdoa', 'ahy', 'menang', 'mudahmudahan', 'anies', 'sandi', 'menang']"
positive,"['mental', 'kalah', 'pilkada', 'indonesia', 'berguru', 'sosok', 'ahy']"
positive,"['lsi', 'membuktikan', 'kejujuran', 'surveynya', 'pilkada', 'dki', 'tahap', 'ahokdjarot', 'disurvey', 'kalah', 'ahy', 'menang', 'putaran']"
positive,"['sehabis', 'pilkadapileg', 'pilpres', 'harap', 'ahy', 'ketua', 'dpr']"
positive,"['sebentar', 'lupakan', 'kegilaan', 'pilkada', 'dki', 'mari', 'berlari', 'ahy', 'kepri', 'april']"
positive,"['menang', 'bentuk', 'keyakinan', 'keberhasilan', 'goal', 'goal', 'improvisasi', 'politik', 'sby', 'ahydi', 'pilkada', 'dki']"
positive,"['semoga', 'anies', 'menang', 'pilkada', 'ahy', 'presiden', 'indonesia', 'aamiin', 'yra']"
positive,"['pilkada', 'dki', 'ahy', 'diperhitungkan', 'diharapkan', 'pemimpin', 'ri']"
positive,"['pikir', 'target', 'ahy', 'pilkada', 'kemarin', 'membangun', 'sentimen', 'positif']"
positive,"['tolong', 'hargai', 'sikap', 'pendukung', 'ahy', 'memilih', 'bersikap', 'netral', 'putaran', 'pilkada', 'dki']"
positive,"['pilkada', 'pilkades', 'ahy', 'rame']"
positive,"['pilkada', 'putaran', 'kemarin', 'kaos', 'ahy', 'dibagibagikan', 'dilingkungan', 'utan', 'kayu', 'jaktim']"
positive,"['semangat', 'dukung', 'ahysylvi', 'pilkada', 'terlaksana', 'tentukan', 'pilihan', 'pro', 'rakyat']"
positive,"['salah', 'ahysilvy', 'menang', 'pilkada', 'mudah', 'silvy', 'mio', 'memakai', 'helm', 'keliling', 'komplek', 'pemilihan', 'dijamin', 'segan']"
positive,"['maju', 'ahysilvy', 'aniessandi', 'bersatu', 'menangkan', 'pilkada', 'dki']"
positive,"['tunggu', 'kualitas', 'jiwa', 'anies', 'sandiapa', 'ucapan', 'peran', 'suara', 'loyalis', 'ahysilvy', 'kemenangan', 'pilkada']"
positive,"['terimakasih', 'ahysilvy', 'jakarta', 'gubernur']"
positive,[]
positive,"['cakeeepppp', 'pendukung']"
positive,"['lupa', 'pilih', 'paslon']"
positive,"['sinyal', 'positif', 'agussylvi', 'merapat', 'aniessandi']"
positive,"['rapatkan', 'barisan', 'komando']"
positive,"['putaran', 'rapat', 'barisan', 'komando']"
positive,"['mengakui', 'kekalahan', 'apapun', 'tujuannya', 'great', 'applause', 'patut', 'ditiru', 'demokrasi', 'positif']"
positive,"['salut', 'mpok', 'silvy', 'mengakui', 'kemenangan', 'paslon']"
positive,"['quick', 'countttp', 'hasil', 'kpud', 'putaran', 'rapat', 'barisan', 'komando']"
positive,"['youtubebxrzdua', 'tenang', 'bening', 'tulus', 'agus']"
positive,"['mari', 'masukan', 'kritik', 'membangun', 'kalah', 'pertandingan']"
positive,"['apapun', 'hasilnya', 'kau', 'kebanggaan']"
positive,"['fokus', 'menangkan']"
positive,"['rakernas', 'partai', 'demokrat', 'ahy']"
positive,"['tersambut', 'hangat', 'mesra', 'intim', 'ntb']"
positive,"['ngawal', 'abang', 'keliling', 'ampenan']"
positive,"['knp', 'disetiap', 'acara', 'massa', 'membludakkrn', 'rakyat', 'harapan', 'ahy', 'memimpin', 'negara', 'dimasa']"
positive,"['kekalahan', 'sukses', 'tertunda', 'disesali', 'dijadikan', 'pengalaman']"
positive,"['tandatangan', 'petisi', 'stop', 'hoax', 'fitnah', 'mendukung', 'gerakan', 'kebebasan', 'pers', 'hoax', 'fitnah']"
positive,['indonesia']
positive,"['mestinya', 'gus', 'negarawan']"
positive,"['demokrat', 'cinta', 'nkri', 'berbakti']"
positive,"['jagoan', 'kalah', 'duluan', 'jagoannya', 'ahok']"
positive,[]
positive,"['pesan', 'lupa', 'gembira', 'cinta', 'indonesia']"
positive,"['kaum', 'muda', 'hormat', 'tua']"
positive,[]
positive,"['jalan', 'berlari', 'menyongsong', 'menyongsong']"
positive,"['langkah', 'kuda', 'agus', 'yudhoyono']"
positive,"['muka', 'pulang', 'punggung', 'terima', 'kasih', 'kepri']"
positive,"['pemimpin', 'muda']"
positive,"['inspirasi', 'kaum', 'muda', 'gerakan', 'indonesia', 'muda', 'indonesia', 'emas']"
positive,"['setia', 'politik', 'indonesia', 'regenerasi', 'matang', 'kutu', 'loncat']"
positive,"['hinggahy', 'baskoro']"
positive,"['menyapa', 'indonesia', 'baskoro']"
positive,"['harapan', 'dpn', 'bangsa']"
positive,"['putri', 'wanita', 'penginspirasi']"
positive,['keren']
positive,"['wartawan', 'pilkada', 'skg', 'terpikir', 'pilkada']"
positive,"['agus', 'kasih', 'kuliah']"
positive,"['kuliah', 'mahasiswa', 'perspektif', 'umrah', 'dompak']"
positive,"['insya', 'allah', 'mendahului', 'tuhanbakal', 'nglamar']"
positive,"['hmmmm', 'calon', 'tokoh', 'dunia']"
positive,['gembira']
positive,"['terimakasih', 'kpada', 'pendukung', 'tlah', 'suaranya']"
positive,"['voter', 'memilih']"
positive,[]
positive,"['logikanya', 'pemilih', 'putaran', 'psikologis', 'pemilih', 'paslon', 'gubernur', 'jakarta']"
positive,"['suara', 'pemilih', 'putaran', 'memilih', 'paslon', 'puataran', 'selamat', 'jakarta', 'gubernur']"
positive,"['olahraga', 'ahy', 'tps', 'siang']"
positive,"['ahy', 'bergaya', 'sporty', 'tps']"
positive,"['putaran', 'bgm', 'kelasnya', 'pemimpin', 'berbesar', 'hati']"
positive,['peduli']
positive,"['pendukung', 'dukung', 'ahok', 'basis', 'massa', 'mayoritas', 'pilih', 'anies', 'kunci', 'kemenangan', 'tipis', 'anies']"
positive,"['suara', 'pendukung', 'menentukan', 'kemenangan', 'salah', 'paslon']"
positive,"['semoga', 'pemilih', 'putaran', 'kebon', 'kacang', 'kp', 'bali', 'beralih', 'aniessandi']"
positive,"['fans', 'dukung', 'menangkan']"
positive,"['bismillah', 'semoga', 'esok', 'jakarta', 'memiliki', 'pemimpin', 'sesuai', 'tuntunan', 'alquran', 'diridhai', 'alloh', 'swt']"
positive,"['bu', 'sylvi', 'contoh', 'keberanian', 'betawi', 'bersikap', 'ngga', 'ngambang', 'banci', 'contoh', 'perempuan', 'betawi', 'tulen']"
positive,"['putaran', 'dukung', 'agus', 'kalah', 'terhormat', 'menang', 'curang']"
positive,"['tulus', 'menyenangkan', 'insyaallah', 'jalan', 'bu', 'murni']"
positive,"['pemimpin', 'harapan', 'bangsa', 'baskoro']"
positive,['terbaik']
positive,"['postingan', 'januari', 'meneduhkan', 'tetep']"
positive,"['wallahulmuwafiq', 'ilaaqwamithoriq', 'mencerminkan', 'beliau', 'nu', 'jatuh', 'hati']"
positive,"['suka', 'berjiwa']"
positive,"['ahy', 'kalah', 'pilgub', 'yudhoyono']"
positive,"['kau', 'kalahkami', 'bangga', 'padamu', 'jalanmu', 'panjangkesuksesan', 'menantimu', 'disaat']"
positive,"['pribadi', 'kagum', 'pribadi', 'mu', 'sikapmu']"
positive,"['prananda', 'demokrat', 'sejati', 'kagum', 'salut']"
positive,"['frowning', 'face', 'thumbs', 'up', 'thumbs', 'up', 'thumbs', 'up']"
positive,"['agus', 'harimurti', 'yudhoyono', 'lovers', 'annisa', 'larasati', 'pohan', 'lovers', 'mendadak']"
positive,"['terkadang', 'sikap', 'dewasa', 'diajarkan', 'muda', 'thumbs', 'up', 'smiling', 'face', 'with', 'hearteyes']"
positive,"['bangga', 'pernyataan', 'ksatria']"
positive,"['hayoo', 'sibuk', 'hapusin', 'jelekin', 'face', 'with', 'stuckout', 'tounges', 'face', 'with', 'tears', 'joy']"
positive,"['bagus', 'programnya', 'persija']"
positive,"['pingin', 'debat', 'face', 'with', 'stuckout', 'tounges']"
positive,"['wahdiam', 'tersepona', 'pesonanya', 'face', 'with', 'stuckout', 'tounges']"
positive,['dukung']
positive,"['kecerdasan', 'nasionalisme', 'jiwa', 'pancasilais', 'dimiliki', 'memiliki', 'jiwa', 'santri', 'mondok']"
positive,"['marasa', 'beruntung', 'sign', 'horns']"
positive,"['pendukung', 'anies', 'sandi', 'hand', 'bangga', 'jiwa', 'ahy', 'silvy', 'prabowo', 'ahy', 'folded', 'hands', 'folded', 'hands']"
positive,"['ahy', 'sylvi', 'menang', 'hati', 'pendukungnya', 'ahysylvi', 'panik', 'ketar', 'ketir', 'kubu', 'folded', 'hands', 'folded', 'hands']"
positive,"['kemenangan', 'anis', 'sandi', 'hand', 'kemenangan', 'ahy', 'silvy', 'kaum', 'pribumi', 'hugging', 'face', 'hugging', 'face']"
positive,"['ahy', 'silvy', 'kemaslahatan', 'bangsa']"
positive,[]
positive,"['heboh', 'pentolan', 'band', 'coldplay', 'inggris', 'chris', 'martin', 'dukungan', 'pasangan', 'agussylvi', 'pilkada', 'jakarta']"
positive,"['diskusipolitikbola', 'turunkan', 'terbaik', 'nkri', 'kedepan']"
positive,"['politik', 'kehidupan', 'smiling', 'face', 'with', 'smiling', 'eyes']"
positive,"['apresiasi', 'relakan', 'relawannya', 'dukung', 'clapping', 'hands', 'clapping', 'hands']"
positive,"['kemenangan', 'tertunda', 'belajar', 'kekalahanpernyataan', 'bijaksana']"
positive,"['politik', 'santun', 'bermartabat', 'folded', 'hands']"
positive,"['heboh', 'ahy', 'muncul', 'penampilan']"
positive,"['gunawan', 'freely', 'anggota', 'dprd', 'talaud', 'pasang', 'spanduk', 'ahy', 'perbtasan', 'indonesiafilipina', 'lanjutkan']"
positive,[]
positive,"['polling', 'mbak', 'terbuka', 'pemilih', 'pribadi', 'bergabung', 'mbak', 'pengambil', 'keputusan', 'timses', 'smiling', 'face', 'with', 'smiling', 'eyes']"
positive,"['sambutan', 'hangat', 'pendukung', 'bergabung', 'smiling', 'face', 'with', 'smiling', 'eyes', 'folded', 'hands']"
positive,"['sby', 'puji', 'dibela', 'malu', 'bersalah', 'mengharapkan', 'dukungan', 'politik', 'massa', 'demokrat']"
positive,"['nikmat', 'bersyukur', 'ujian', 'bersabar', 'selamat', 'malam', 'face', 'blowing', 'kiss', 'face', 'blowing', 'kiss']"
positive,"['bangga', 'perjuangannya', 'face', 'blowing', 'kiss', 'face', 'blowing', 'kiss']"
positive,"['jiwa', 'besarnya', 'teladan', 'oncoming', 'fist', 'oncoming', 'fist', 'face', 'blowing', 'kiss']"
positive,"['nyesal', 'dukung', 'beliau', 'face', 'blowing', 'kiss', 'face', 'blowing', 'kiss', 'bngga', 'kehadirannya', 'republik']"
positive,"['pemimpin', 'muda', 'raising', 'hands', 'raising', 'hands', 'raising', 'hands']"
positive,"['pemenang', 'ahy', 'dihati', 'smiling', 'face', 'with', 'open', 'mouth', 'closed', 'eyes', 'smiling', 'face', 'with', 'open', 'mouth', 'smiling', 'eyes', 'smiling', 'face', 'with', 'smiling', 'eyes', 'face', 'savouring', 'delicious', 'food', 'kissing', 'face', 'with', 'closed', 'eyes', 'face', 'blowing', 'kiss', 'smiling', 'face', 'with', 'hearteyes']"
positive,"['rencana', 'keputusan', 'allah', 'keputusan', 'manusia', 'smiling', 'face', 'with', 'smiling', 'eyes', 'smiling', 'face', 'with', 'smiling', 'eyes']"
positive,"['semangat', 'pendukung', 'tidur', 'maju', 'insyaallah', 'menang']"
positive,"['keikhlasan', 'berkorban', 'sia', 'non']"
positive,"['tetep', 'semangat', 'mendharma', 'baktikan', 'jiwa', 'raga', 'negeri', 'smiling', 'face', 'with', 'smiling', 'eyes', 'smiling', 'face', 'with', 'smiling', 'eyes']"
positive,"['ahy', 'mundur', 'selangkah', 'melompat']"
positive,"['berharap', 'semoga', 'bersinar', 'aamiin', 'smiling', 'face', 'with', 'smiling', 'eyes', 'smiling', 'face', 'with', 'smiling', 'eyes']"
positive,[]
positive,"['membaca', 'strategi', 'politik', 'sby', 'pencalonan', 'agus', 'yudhoyono']"
positive,"['nunggu', 'skenario']"
positive,"['skenario', 'ahy', 'menang', 'pilgub', 'ahy', 'pikirkan', 'matang', 'skenario', 'kalah', 'kalah', 'menang', 'sejatinya', 'smiling', 'face', 'with', 'smiling', 'eyes', 'smiling', 'face', 'with', 'smiling', 'eyes']"
positive,"['jiwa', 'hasil', 'pilkada', 'sulit', 'sungguh', 'sulit', 'deklarasi']"
negative,"['catat', 'warga', 'dki', 'kehilangan', 'ahok']"
negative,"['warga', 'dki', 'cerdas', 'mudah', 'diprovokasi', 'isue', 'sara']"
negative,"['kalah', 'besok', 'kalah', 'dipengadilan']"
negative,"['sedih', 'kehilangan', 'sosok', 'gubenur', 'jujur', 'pekerja', 'keras', 'melayani', 'warganya', 'btp']"
negative,"['ahok', 'kalah', 'telak', 'diseluruh', 'tps', 'wilayah', 'fpi']"
negative,"['ahok', 'menang', 'tipis', 'tps', 'habib', 'rizieq', 'mencoblos']"
negative,"['cuitan', 'curang', 'black', 'campaign', 'nongol', 'legowo', 'demokrasi', 'namanya', 'hahaa']"
negative,"['hasil', 'tps', 'rw', 'kelurahan', 'pela', 'mampang', 'sedih', 'lihatnya']"
negative,"['tenang', 'curang', 'pemilihan', 'hati', 'awasin', 'kemarin', 'ketahuan', 'sembako']"
negative,"['petunjuk', 'orangorang', 'zalim', 'haram', 'pemimpin', 'kafir']"
negative,"['harap', 'jakarta', 'bebas', 'korupsi', 'suaramu', 'dibeli']"
negative,"['syukur', 'lembar', 'tangan', 'sabar', 'colok', 'matanya', 'ahok']"
negative,"['penista', 'agama']"
negative,"['rejeki', 'kasihan', 'dukung']"
negative,"['ahokers', 'tukang', 'plintirlihat', 'nehh', 'btp']"
negative,"['warga', 'merayakannya', 'terima', 'sembakonya', 'pilih', 'pemberinya']"
negative,"['rumit', 'membedakan', 'hitam', 'putih', 'doyan', 'gaduh']"
negative,"['gubernur', 'bosan']"
negative,"['warga', 'dki', 'pesan', 'rasulullah', 'saw', 'menyerahkan', 'ahlinya']"
negative,"['ahok', 'lawannya', 'djarot', 'pilih', 'djarot', 'ahok', 'belajar', 'humas', 'diplomasi']"
negative,"['hoaks', 'muktamar', 'nu', 'wajibkan', 'nahdliyin', 'pilih', 'pemimpin', 'muslim']"
negative,['biarkan']
negative,"['beberkan', 'kronologi', 'pengusiran', 'sholat', 'jumat']"
negative,"['iblis', 'menghalanghalangi', 'manusia', 'beribadah', 'masjid', 'semangat', 'djarot']"
negative,"['dilarang', 'pilih', 'cagub', 'nonmuslim', 'habib', 'pilih', 'djarot']"
negative,"['aneh', 'aneh', 'umat', 'usir']"
negative,"['sembako', 'gratis', 'tim', 'btp', 'melanggar', 'pasal', 'ayat', 'uu', 'thn']"
negative,"['mui', 'sesalkan', 'pemberian', 'gelar', 'sunan', 'ahok']"
negative,"['kalah', 'menang']"
negative,"['pengamat', 'polisi', 'terkesan', 'berpihak', 'ahok']"
negative,"['kubu', 'badja', 'sindir', 'anies', 'spanduk', 'jakarta', 'bersyariah', 'djarot']"
negative,"['virallbocah', 'injak', 'baju', 'kotak', 'kecewa']"
negative,"['turun', 'pangkat', 'jakarta', 'butuh', 'penista', 'agama']"
negative,"['mulut', 'jorok', 'pertanda', 'suara', 'anies', 'kuat']"
negative,"['pkb', 'dukung', 'putaran', 'siapsiap', 'ditinggalkan', 'pemilih', 'umat', 'islam', 'pemilu']"
negative,"['ahokdjarot', 'apbd', 'alat', 'kampanye', 'putaran']"
negative,"['sedihnya', 'indonesia', 'sebatas', 'jakarta', 'bhinneka', 'sebatas', 'ahok']"
negative,"['djarot', 'menangis', 'pimpin', 'cek']"
negative,"['kehilangan', 'ahok']"
negative,"['ohh', 'tertib', 'gub', 'tertib']"
negative,"['kafirrrrrr', 'menista', 'iqra', 'iqra', 'iqra']"
negative,"['raut', 'wajah', 'bpk', 'djarot', 'miris', 'sabar', 'kuatkan', 'btp']"
negative,"['remuk', 'negara', 'pembohongan', 'pakai', 'otak']"
negative,"['diriikut', 'pakai', 'sarana', 'hina', 'gubernurnya']"
negative,"['remuk', 'hatiku', 'beliau']"
negative,"['politik', 'indonesia', 'jaman', 'menyedihkan']"
negative,"['mental', 'tempe', 'benci', 'hukum', 'indonesa', 'mental', 'badja', 'berjuang']"
negative,"['kematian', 'hukum', 'kebenaran', 'indonesia']"
negative,"['tangis', 'sedih', 'djarot', 'dipimpin', 'balai', 'kota', 'cek']"
negative,"['mulia', 'buruh', 'sidoarjo', 'buruh', 'demo', 'bakar', 'karangan', 'bunga', 'pemberian', 'masyarakat']"
negative,"['habiburokhman', 'sindir', 'via']"
negative,"['buahahahhaha', 'emang', 'merayakan', 'pendukungmu', 'merayakan', 'bayar']"
negative,"['saksi', 'ahokdjarot', 'tolak', 'tandatangani', 'rekapitulasi', 'suara', 'pilkada']"
negative,"['abused', 'kaum', 'islamist', 'radicals']"
negative,"['deddy', 'corbuzier', 'sindir', 'karangan', 'bunga', 'ahok']"
negative,"['bawa', 'ciduk', 'pro']"
negative,"['takjub', 'besarnya', 'cinta', 'warga', 'dki', 'geli', 'kalimatkalimat']"
negative,"['namanya', 'manusia', 'suka', 'khilaf', 'disayang', 'ayang', 'diajak', 'komitment', 'ujungujungnya', 'nyesel']"
negative,"['salah', 'faktor', 'kekalahan', 'kompak', 'memukul', 'isu', 'agama']"
negative,"['menang', 'nuntut', 'belom', 'belom', 'maunya']"
negative,"['gubernur', 'tinggal', 'terima', 'rapi']"
negative,"['bukti', 'begtiu', 'dicintai', 'warganyanamun', 'kalah', 'terhornat', 'karna', 'kelicikan', 'menjijikan', 'lawanya']"
negative,"['stress', 'dipikiran', 'duit', 'itung', 'bunga', 'rp', 'dananya', 'cinta', 'melebihi', 'materi']"
negative,"['sarankan', 'dpr', 'pansus', 'karangan', 'bunga', 'undang', 'lsm', 'bentuk', 'tim', 'pencari', 'fakta', 'karangan', 'bunga', 'gila']"
negative,"['karangan', 'bunga', 'sindir', 'ahok', 'djarot', 'dirusak']"
negative,"['sebentar', 'komen', 'settingan', 'pencitraan', 'disuruh', 'ahok', 'hahaha']"
negative,"['gembira', 'bunga', 'kaga', 'bahas', 'benci', 'tetep', 'fokus', 'perhatian']"
negative,"['pendukung', 'menang', 'stres', 'kembang', 'ahokdjarot', 'hati', 'rakyat', 'dibohongi', 'menanglah', 'menang']"
negative,"['dipaksa', 'putuslantas', 'dikawin', 'paksa', 'bandot', 'bini', 'susah', 'move', 'onnyah']"
negative,"['karangan', 'bunga', 'ahokdjarot', 'nyasar', 'rumah', 'anis', 'ngomong']"
negative,"['muri', 'diusulkan']"
negative,"['galon', 'saingan', 'ye', 'bunganya']"
negative,"['catatan', 'sejarah', 'dunia', 'kalah', 'kebanjiran', 'bunga']"
negative,"['hati', 'hati', 'komentar', 'ujungnya', 'dituduh', 'nyinyir']"
negative,"['tukang', 'karangan', 'bunga', 'pilih', 'ahok', 'terima', 'orderan', 'buatin', 'bunga', 'kapir']"
negative,"['jakarta', 'ahok', 'btp', 'bis', 'telolet']"
negative,"['dilantik', 'oktober', 'gini']"
negative,"['menang', 'pilkada', 'kebanjiran', 'ucapan', 'selamat', 'karangan', 'bunga', 'fenomena', 'alam']"
negative,"['kiriman', 'bunga', 'nyinyir', 'juta', 'pingsan']"
negative,"['biarlah', 'menghibur', 'diriwkkwwkkwk']"
negative,"['sakit', 'jiwa', 'warga', 'cinta', 'kamis']"
negative,"['kalahpun', 'sasaran', 'kreator', 'hoax']"
negative,"['kirim', 'karangan', 'bunga', 'mending', 'acara', 'sembako']"
negative,"['ahok', 'penista', 'agama', 'dinistakan', 'mengaku', 'beragama']"
negative,"['balaikota', 'museum', 'paris', 'moto', 'lukisan', 'monalisa']"
negative,"['menit', 'sedih', 'banget', 'bapaknya', 'nangis']"
negative,"['kayaknya', 'sebentar', 'bunga', 'tandingan']"
negative,"['saran', 'biarkan', 'ngiri', 'nganan', 'takut', 'macet', 'ikutan', 'ngiri']"
negative,"['stress', 'guberner', 'didukung', 'diharapkan', 'warga', 'jakarta']"
negative,"['murah', 'ahok', 'gubenur', 'kesayangan', 'warga', 'jakarta', 'emang', 'buang', 'duit']"
negative,"['ampun', 'sesek', 'dada', 'ngelawan', 'bangsa', 'issue', 'sara', 'terganti']"
negative,"['karangan', 'bunga', 'dikarangkarang', 'sungguh', 'kegilaan', 'pasca', 'kegilaan', 'tuntutan', 'jpu']"
negative,"['kafir', 'berlaku']"
negative,"['pembenci', 'basuki', 'benci', 'goblok']"
negative,"['pengamat', 'jungkalkan', 'ahokdjarot', 'strategi', 'isis']"
negative,"['simpatik', 'segini', 'simpatik', 'yak']"
negative,"['lambang', 'matinya', 'akal', 'waras', 'indonesia', 'fitnah', 'mengendalikan']"
negative,"['membuktikan', 'mantan', 'digantikan']"
negative,"['kajian', 'gue', 'liat', 'pake', 'perspektif', 'netral', 'coba', 'ngomong', 'dipikir']"
negative,"['sederhana', 'susah', 'move', 'sok', 'skeptis', 'tim', 'kontra', 'ahok']"
negative,"['debat', 'beretorika', 'program', 'berwacana', 'adil', 'korupsi']"
negative,"['ancam', 'polisikan', 'sutradara', 'video', 'rasis', 'kampanye', 'ahokdjarot', 'bayaran', 'sesuai', 'kontrak']"
negative,"['penutup', 'paslon', 'permintaan', 'maaf', 'melakukannya', 'maafnya']"
negative,"['protes', 'iklan', 'macetmacet', 'streaming']"
negative,"['menata', 'jakarta', 'menata', 'katakata']"
negative,"['pilkada', 'dki', 'rasis', 'agamis', 'buktinya', 'ras', 'china', 'pilih', 'ahok', 'pemeluk', 'kristen', 'pilih', 'ahok']"
negative,"['lholho', 'pendukung', 'ahok', 'teruntuk', 'kaum', 'dhuafa', 'situ', 'uangnya', 'bomb']"
negative,"['terpecah', 'belah', 'asing', 'terpecah', 'broken', 'heart']"
negative,"['hahaha', 'adil', 'bangsa', 'milih', 'cina', 'speaknoevil']"
negative,"['petunjuk', 'orangorang', 'zalim', 'haram', 'pemimpin', 'kafir', 'fire', 'fire']"
negative,"['allah', 'mengazab', 'muslim', 'memilih', 'pemimpin', 'kafir', 'high', 'voltage', 'high', 'voltage']"
negative,"['move', 'lihatin', 'ahok', 'djarot', 'kalah', 'slightly', 'frowning', 'face']"
negative,"['baper', 'ahokdjarot', 'disappointed', 'face']"
negative,"['memenangkan', 'aniessandi', 'mengalahkan', 'ahokdjarot', 'tarik', 'kesimpulannya', 'yep']"
negative,"['sembako', 'murah', 'ala', 'timses', 'ahokdjarot', 'langgar', 'uu', 'pemilu', 'suap', 'suara', 'model', 'menghina', 'kecerdasan', 'warga']"
negative,"['ahokdjarot', 'kalah', 'gerakan', 'tindakan', 'paslon', 'gencar', 'mengerikan', 'face', 'screaming', 'fear', 'face', 'screaming', 'fear']"
negative,"['ngomong', 'pilih', 'ahok', 'djarot', 'merasakan', 'banjir', 'pouting', 'face']"
negative,"['cagub', 'cagub', 'intinya', 'buta', 'peta', 'politik', 'zippermouth', 'face']"
negative,"['tolong', 'gubernur', 'knp', 'kjp', 'anak', 'turun', 'menjelang', 'pilkada', 'dki', 'confused', 'face']"
negative,"['kafir', 'haram', 'pemimpin', 'kafir', 'fire', 'fire', 'fire', 'fire']"
negative,"['beberkan', 'kronologi', 'pengusiran', 'sholat', 'jumat']"
negative,"['awas', 'serbuan', 'warga', 'wahabi', 'bogor', 'depok']"
negative,"['dipecat', 'menteri', 'gubernur']"
negative,"['kuota', 'habis', 'mengikuti', 'berita', 'mui']"
negative,"['dki', 'ikutan', 'kemenangan', 'seenoevil', 'monkey']"
negative,"['bete', 'taufik', 'pilih', 'nggak', 'soooo', 'pastiiii', 'face', 'with', 'steam', 'nose', 'face', 'with', 'steam', 'nose', 'face', 'with', 'tears', 'joy', 'smiling', 'face', 'with', 'open', 'mouth', 'smiling', 'eyes', 'face', 'with', 'tears', 'joy', 'grining', 'face', 'with', 'smile', 'victory', 'hand']"
negative,"['anti', 'korupkinerja', 'kebersihan', 'tata', 'ruang', 'kota', 'jakartamakin', 'weary', 'face', 'weary', 'face']"
negative,"['diberbagai', 'survei', 'debat', 'dimenangkan', 'paslon']"
negative,"['memilih', 'paslon', 'gagal', 'menjalankan', 'tugas', 'melecehkan', 'akal', 'sehat']"
negative,"['mendadak', 'santun', 'toleran', 'gini', 'zippermouth', 'face', 'zippermouth', 'face', 'zippermouth', 'face', 'gara', 'deket', 'tgl', 'april', 'face', 'with', 'tears', 'joy', 'face', 'with', 'tears', 'joy', 'face', 'with', 'tears', 'joy', 'tv']"
negative,"['kemarin', 'setuju', 'syariah', 'online']"
negative,['dx']
negative,"['perangi', 'faktanya', 'pengikutmu', 'caci', 'maki']"
negative,"['rizieq', 'pengikutnya', 'ternak', 'akun', 'disosmed', 'heran', 'akun', 'twitter', 'diserbu', 'pasukan', 'caci', 'maki', 'grining', 'face', 'with', 'smile', 'face', 'screaming', 'fear', 'face', 'screaming', 'fear']"
negative,"['wasekjen', 'mui', 'nilai', 'video', 'kampanye', 'ahokdjarot', 'suduntukan', 'umat', 'islam']"
negative,"['kasih', 'imingiming', 'kjl', 'orangtua', 'ahokdjarot', 'menipu', 'lansia']"
negative,"['mikir', 'coblos', 'sebelah', 'kiri', 'face', 'with', 'stuckout', 'tounges', 'face', 'with', 'stuckout', 'tounges', 'victory', 'hand']"
negative,"['video', 'kampanye', 'ahokdjarot', 'hancurkan', 'kebhinekaan']"
negative,"['alien', 'menyerang', 'indonesia']"
negative,"['lulung', 'nyampah', 'timses', 'anies', 'sandi', 'gara', 'gara', 'takut', 'semprot', 'ahok', 'face', 'with', 'tears', 'joy', 'face', 'with', 'stuckout', 'tounges']"
negative,"['pilpres', 'sabang', 'merauke']"
negative,"['mentang', 'mentang', 'nama', 'belakangnya', 'ambil', 'keuntungan', 'novel', 'anies']"
negative,"['mencari', 'pintar', 'buanyak', 'jakarta', 'mencari', 'jujur', 'anti', 'korupsi', 'suka', 'kerasitu', 'sulit']"
negative,"['kampanyenya', 'ngomong', 'program', 'program', 'mentri', 'dipecat', 'face', 'with', 'tears', 'joy', 'mending', 'liat', 'hasil']"
negative,"['timses', 'anies', 'ngomongnya', 'sok', 'motivator', 'ahok', 'terbaik', 'gubernur', 'liat', 'hasil', 'kerjanya']"
negative,"['pantes', 'polling', 'dihapus', 'menang', 'polling', 'dibesarkan', 'ditayangkan', 'sehari', 'dimetrotivi', 'face', 'with', 'tears', 'joy', 'face', 'with', 'tears', 'joy', 'face', 'with', 'tears', 'joy']"
negative,"['buzzer', 'galau', 'survei', 'polling', 'memenangkan', 'invoice', 'dibayar', 'face', 'with', 'stuckout', 'tounges']"
negative,"['omonganmu', 'cocok', 'fakta', 'thumbs', 'down', 'thumbs', 'down', 'tv', 'online']"
negative,"['unggul', 'memainkan', 'isu', 'strategi', 'isu', 'sara', 'matang', 'mengelola', 'strategi', 'musuh', 'face', 'with', 'stuckout', 'tounges']"
negative,"['nasi', 'bungkus', 'terdeteksi']"
positive,"['pdip', 'perkuat', 'kemenangan', 'ahokdjarot']"
positive,"['pemenang', 'sesungguhnya', 'mengalah', 'jakarta', 'pecah', 'politik', 'sara', 'brutal']"
positive,"['hujan', 'sembako', 'ahokdjarot', 'sedekah', 'aniessandi']"
positive,"['hitungan', 'pemenang', 'sesungguhnya', 'mengalah', 'kepentingan', 'nasional']"
positive,"['terima', 'kasih', 'ahok', 'btp']"
positive,"['terkejut', 'ahok', 'kalah', 'versi', 'quick', 'count', 'tetep', 'keren', 'menginspiras']"
positive,"['serahkan', 'takdir', 'kehidupan', 'tuhan', 'menjalankan', 'btp']"
positive,"['trimakasih', 'btp', 'kinerja', 'degan', 'djarot', 'memimpin', 'dki']"
positive,"['harapan', 'hidup', 'ahok', 'menyelamatkan', 'nkri', 'tikus', 'berdasi']"
positive,"['selamat', 'istirahat', 'btp', 'ronde', 'melawan', 'penjahat', 'menang']"
positive,"['kekuasaan', 'tuhan', 'kasih', 'tuhan', 'ambil', 'bangga', 'memilih', 'ahok']"
positive,"['terbukti', 'diomongin', 'kenyataan', 'menteri', 'dipecat']"
positive,"['ahok', 'kalah', 'aman', 'coba', 'ahok', 'menang', 'calo', 'akhirat', 'ribet', 'teriakteriak', 'monas']"
positive,"['bpk', 'btp', 'terima', 'kasih', 'perjuanganmu', 'mendukungmu', 'terbang']"
positive,"['artis', 'pendukung', 'ahok', 'selamati', 'rekannya', 'pendukung', 'anies']"
positive,"['menerima', 'gubernur', 'terima', 'kasih', 'gubernur', 'sudahi', 'perselisihan', 'mari', 'bersatu', 'maju']"
positive,"['kepemimpinan', 'bangga', 'pegawai', 'pemerintahterimakasih']"
positive,"['mendukungmu', 'pilkada', 'sepenuh', 'hati', 'semoga', 'menang', 'menang', 'merdeka']"
positive,"['mencintaimu', 'menanglah', 'lanjutkan']"
positive,"['btp', 'unggul', 'tps', 'duri', 'kosambi', 'cengkareng']"
positive,"['warga', 'pluit', 'pilih', 'ahok', 'kerjanya', 'etnis', 'btp']"
positive,"['selesai', 'setia']"
positive,"['nyoblos', 'ahok', 'tersenyum']"
positive,"['warga', 'bekasitangerangbogordepok', 'dihimbau', 'mencoblos', 'nojangan', 'warga', 'dki', 'coblos']"
positive,"['selamat', 'pagi', 'jari']"
positive,"['mari', 'berdoa', 'hati', 'bersih', 'coblos', 'paslon', 'berdoa']"
positive,"['warga', 'sultra', 'dukung', 'ahok', 'djarot', 'gubdki', 'jakarta']"
positive,"['dicari', 'pilih', 'gubernur', 'mimpin', 'jakarta', 'omong', 'kosong']"
positive,"['pemimpin', 'memimpin', 'seribu', 'belajar', 'kepemimpinan']"
positive,"['kh', 'said', 'aqil', 'djarot', 'sejalan', 'nu']"
positive,"['butuh', 'pemimpin', 'bermutu', 'sebatas', 'penjaja', 'kartu', 'semoga', 'sukses', 'menang']"
positive,"['provinsi', 'jambi', 'mengaminkan', 'purnama', 'btp', 'hidayat', 'terpilih']"
positive,"['iwan', 'fals', 'pilih', 'ahok', 'djarottahu', 'konsistennya', 'iwan', 'fals', 'melawan', 'korupsi']"
positive,"['tanggal', 'pilih', 'hati', 'nurani']"
positive,"['andai', 'contoh', 'indonesia']"
positive,"['bener', 'banget', 'nonton', 'concert', 'coldplay', 'ngerti']"
positive,"['pelajaran', 'kesabaran', 'invisible', 'djarot']"
positive,"['pendapat', 'ahok', 'pemimpin', 'hebat', 'tuhan', 'utus', 'indonesia']"
positive,"['gantungan', 'kunci', 'ahok', 'model']"
positive,[]
positive,"['introspeksi', 'indonesia']"
positive,"['mencari', 'pemimpin', 'dicintai', 'gampangmsp']"
positive,"['djarot', 'ucapkan', 'terima', 'kasih', 'syukuran', 'ahok', 'dipenjara']"
positive,"['mencintaimu', 'ahok', 'djarot']"
positive,"['doaku', 'menyertai', 'jakarta', 'basukibtp']"
positive,"['lilin', 'ahok']"
positive,[]
positive,"['keren', 'banget', 'selamat', 'berjuang', 'nkri', 'harga', 'mati']"
positive,"['tugu', 'proklamasi', 'dibawah', 'sinar', 'purnama']"
positive,"['ntt', 'ahok', 'basukibtp']"
positive,"['manado', 'lilin', 'yangtelahmati', 'harga', 'mati']"
positive,"['lilin', 'ahok', 'manado', 'btp']"
positive,"['btp', 'sosok', 'band', 'brothers', 'kehidupan']"
positive,"['sejuta', 'lilin', 'keadilan']"
positive,"['semoga', 'menyelesaikan', 'tugas', 'negaranya', 'sampe', 'oktober', 'pas', 'pelantikan', 'gubernur', 'apbn', 'diganggu', 'amin']"
positive,"['sujud', 'hormat', 'djarot', 'khabarnya', 'penangguhan', 'tahanan', 'ahok', 'setujuin', 'malam', 'ahok', 'pulang']"
positive,['semoga']
positive,"['dukungan', 'doa', 'pemasangan', 'sejuta', 'lilin', 'ahok', 'manado', 'indonesia']"
positive,"['manado', 'btp']"
positive,"['rakyat', 'cinta', 'nkri', 'perjuangkan', 'keadilan']"
positive,"['semangat', 'djarot', 'doa', 'menyertaimu']"
positive,"['bangsa', 'berdiri', 'membawa', 'doa', 'kemenangan', 'tuhan', 'indonesia']"
positive,"['orangorang', 'bercerita', 'batman', 'robbin', 'melindungi', 'jakarta']"
positive,"['perbedaan', 'keras', 'suka', 'cari', 'muka']"
positive,"['dukungan', 'doa', 'pemasangan', 'lilin', 'ahok', 'manado', 'indonesia']"
positive,"['jerih', 'lelahmu', 'memperjuangkan', 'bangsa', 'korupsi', 'menegakkan', 'kebenaran', 'diperhitungkan', 'tuhan', 'gbu']"
positive,"['tuhan', 'btp', 'keluargakami', 'ahok']"
positive,"['semangat', 'djarot', 'air', 'matamu', 'terkenang', 'air', 'menandakan', 'kecintaanmu', 'indonesia']"
positive,"['doa', 'jakarta']"
positive,"['paduan', 'suara', 'warga', 'balai', 'kota']"
positive,['sejarah']
positive,"['demam', 'karangan', 'bunga', 'dukung', 'ahokdjarot', 'menjalar', 'siantar']"
positive,"['pemimpin', 'indonesia', 'jujur', 'ahok', 'djarod', 'best']"
positive,"['integrasi', 'rusun', 'pasar', 'bioskop', 'rakyat', 'ditunggu', 'kelanjutannya', 'dibawah', 'gubernur']"
positive,"['malam', 'sekeluarga', 'balai', 'kota', 'anak', 'bunga', 'monas']"
positive,"['ribuan', 'bunga']"
positive,"['dihati', 'bui', 'pecatan', 'menteri', 'bloon']"
positive,"['indonesia', 'harum', 'bunga', 'ungkapan', 'seribu', 'bahasa', 'cinta']"
positive,"['yaaaa', 'abal', 'kantor', 'balai', 'kota', 'jakarta']"
positive,"['balaikota', 'dki', 'jakarta', 'kehabisan', 'katakata']"
positive,"['jakarta', 'medan']"
positive,"['karangan', 'bunga', 'ahok', 'kota', 'indah', 'btp']"
positive,"['pemenang', 'sejati', 'pemenang', 'hati', 'rakyat', 'kalah', 'datangkan', 'rejeki', 'tukang', 'bungapak']"
positive,"['btp', 'djarot', 'semangat', 'sehat', 'semoga', 'diakhir', 'jabatan', 'masyarakat', 'dki', 'sadar', 'pemimpin']"
positive,"['abang', 'keren', 'tuhan', 'berkati', 'berkati', 'abang']"
positive,"['balaikota', 'rame', 'kiriman', 'bunga', 'mengalir']"
positive,"['wisata', 'balai', 'kota', 'mumpung', 'gubernurnya', 'ahok', 'riang', 'gembira', 'gratis', 'penuhnya']"
positive,"['ide', 'gila']"
positive,"['allah', 'subhanallah']"
positive,"['unik', 'karangan', 'bunga', 'gubernur', 'dki', 'jakarta', 'badja', 'viral', 'medsos', 'salah', 'satunya']"
positive,"['tuhan', 'memberkati']"
positive,"['tuhan', 'sayang', 'jakarta', 'ahokdjarot', 'ahokdjarot', 'kalah', 'marah', 'ahokdjarot', 'menang', 'jakarta', 'terima', 'kasih']"
positive,"['lepas', 'galakgalak', 'sayang']"
positive,"['nongkrong', 'masang', 'karangan', 'bunga', 'monas', 'jogja']"
positive,"['heboh', 'papan', 'bunga', 'ahok']"
positive,"['jahat', 'ninggalin', 'terlanjur', 'sayang', 'padamu']"
positive,"['karangan', 'bunga', 'antrian', 'foto', 'il', 'phenomenon', 'kayaknya', 'seorg', 'figur', 'indonesia']"
positive,"['batam', 'semangat']"
positive,"['karangan', 'bunga', 'ucapan', 'terimakasih', 'masyarakat', 'btp', 'monas']"
positive,['hatiku']
positive,"['gusur', 'jutaan', 'rakyat']"
positive,"['anies', 'unggul', 'pemilih', 'muslim', 'ahok', 'kaum', 'pendidikan', 'totorqq']"
positive,[]
positive,"['pusing', 'btp', 'tinggal', 'tenangkonsentrasiberdoaselalu', 'bahagia', 'menang']"
positive,"['terima', 'kasih', 'doanya', 'pa', 'kyai']"
positive,"['jatuh', 'cinta', 'gubernur', 'miliki', 'heart', 'with', 'arrow']"
positive,"['jokowi', 'trophy', 'trophy', 'oke', 'basukibtp', 'dukung']"
positive,['peach']
positive,['tps']
positive,"['ayo', 'coblos', 'bijaksana', 'jakarta', 'victory', 'hand']"
positive,"['presiden', 'pilkada', 'dki', 'aman', 'tohh', 'smiling', 'face', 'with', 'sunglasses', 'smiling', 'face', 'with', 'sunglasses']"
positive,"['kekalahan', 'ahok', 'disengaja', 'sepaket', 'ahy', 'pilpres', 'face', 'with', 'stuckout', 'tounges', 'grining', 'face', 'with', 'smile', 'grining', 'face', 'with', 'smile', 'smiling', 'face', 'with', 'sunglasses', 'smiling', 'face', 'with', 'sunglasses', 'risau', 'hahahahahaha']"
positive,"['anies', 'respon', 'negatif', 'netizenmakin', 'emosianahy', 'hafalanbadja', 'smiling', 'face', 'with', 'sunglasses', 'smiling', 'face', 'with', 'sunglasses', 'victory', 'hand']"
positive,"['kekalahan', 'basuki', 'tjahaja', 'purnamadjarot', 'saiful', 'hidayat', 'pilkada', 'dki', 'jakarta', 'mempengaruhi', 'elektabilitas', 'pdi', 'victory', 'hand']"
positive,"['percaya', 'kondisi', 'cuaca', 'pilkada', 'dki', 'kontribusi', 'positif', 'ahokdjarot', 'victory', 'hand', 'victory', 'hand']"
positive,"['tompi', 'ahokdjarot', 'victory', 'hand', 'victory', 'hand', 'lakukan', 'perubahan', 'positif', 'buktinya']"
positive,"['positif', 'pdip', 'usung', 'ahokdjarot', 'pilkada', 'dki', 'victory', 'hand', 'suara', 'nasional']"
positive,"['kalah', 'jujur', 'menang', 'curang', 'heavy', 'check', 'mark', 'heavy', 'check', 'mark', 'initerjadi', 'pilkada', 'dkimakanya', 'iri', 'terima', 'ahok']"
positive,"['kalah', 'pilkada', 'dki', 'ahok', 'djarot', 'karangan', 'bunga', 'simpati', 'teruji', 'terukur', 'victory', 'hand', 'victory', 'hand', 'anies', 'sandi', 'menang', 'bunga']"
positive,"['ahokdjarot', 'kalah', 'pilkada', 'menang', 'menjaga', 'integritas', 'berdemokrasi', 'pancasila', 'bangga', 'smiling', 'face', 'with', 'hearteyes']"
positive,"['pendukung', 'terprovokasi', 'mengotori', 'tangan', 'mengandung', 'nazis', 'heavy', 'check', 'mark', 'heavy', 'check', 'mark']"
positive,"['pilih', 'pelayan', 'warga', 'pemimpin', 'agama', 'jkt', 'pilih', 'jujur', 'bersih', 'heavy', 'check', 'mark', 'heavy', 'check', 'mark']"
positive,"['pemimpin', 'agama', 'pelayan', 'warga', 'jujur', 'bersih', 'victory', 'hand', 'victory', 'hand']"
positive,[]
positive,"['lupa', 'coblos', 'pemimpin', 'pekerja', 'keras', 'victory', 'hand', 'victory', 'hand']"
positive,"['berama', 'dalang', 'enthus']"
positive,"['membawa', 'manfaat', 'umat', 'komitmen', 'victory', 'hand', 'victory', 'hand', 'umat', 'islam', 'via']"
positive,"['hahakerja', 'victory', 'hand', 'victory', 'hand']"
positive,"['baju', 'seragam', 'nyoblos', 'temanteman']"
positive,[]
positive,"['victory', 'hand', 'victory', 'hand', 'terbukti', 'berkinerja', 'bagus', 'bersih', 'anti', 'korupsi', 'memperjuangkan', 'keadilan']"
positive,"['marilah', 'kemari', 'victory', 'hand', 'victory', 'hand', 'cover', 'citra', 'alain']"
positive,"['victory', 'hand', 'toba', 'dream']"
positive,"['ahokdjarot', 'victory', 'hand', 'victory', 'hand', 'meroket']"
positive,[]
positive,"['cobaan', 'menimpa', 'ahok', 'mundur', 'langkah', 'maju', 'langkah', 'menjadikan', 'jakarta', 'maju', 'trophy']"
positive,"['victory', 'hand', 'victory', 'hand']"
positive,"['jakarta', 'butuh', 'gubernur', 'pandai', 'bermain', 'jakarta', 'butuh', 'gubernur', 'victory', 'hand', 'victory', 'hand']"
positive,"['siaran', 'ahok', 'grining', 'face', 'with', 'smile']"
positive,"['ahok', 'net', 'ahok', 'talkshow']"
positive,"['ikhlas', 'gubernur', 'beliau', 'tujukkan', 'berdemokrasi', 'sosok', 'pemimpin', 'berintregitas']"
positive,"['babe', 'pilih', 'nomor', 'victory', 'hand', 'victory', 'hand', 'victory', 'hand', 'basukibtp', 'pala', 'soang']"
positive,"['hasil', 'nyatahasil', 'terselesaikan', 'pakai', 'janji', 'lagitinggal', 'meneruskan', 'victory', 'hand', 'folded', 'hands', 'fire']"
positive,"['cerdas', 'berpikir', 'jernih']"
positive,"['kawal', 'victory', 'hand', 'victory', 'hand']"
positive,"['ahok', 'jarot', 'membereskan', 'jakarta', 'folded', 'hands', 'folded', 'hands', 'calon', 'ngayal', 'jualan', 'kipas']"
positive,"['program', 'ahokdjarot', 'victory', 'hand', 'victory', 'hand', 'ajak', 'warga', 'baca', 'selengkapnya']"
positive,"['ala', 'ustad', 'cang', 'haris', 'pilih', 'victory', 'hand', 'lupa', 'pilih', 'islami', 'asli', 'berakhlaq', 'haji', 'haji', 'djarot']"
positive,"['usul', 'team', 'btp', 'bergerak', 'sosialisasi', 'programkerja', 'folded', 'hands', 'folded', 'hands']"
positive,"['lovered', 'nama', 'indah', 'lovered', 'nama', 'masjid', 'pemkot', 'jakarta', 'masjid', 'raya', 'kh', 'hasyim', 'ashari', 'online']"
negative,"['dosen', 'dibanggakan', 'berharap', 'gubernur', 'membohongi', 'rakyat']"
negative,"['malu', 'ngakunya']"
negative,"['berterimakasi', 'memenangkan', 'pengamat', 'politik', 'pengamat']"
negative,"['daftar', 'rumah', 'jakarta', 'rp', 'terealisasi', 'kau', 'tanggung', 'janji', 'kau', 'akhirat']"
negative,"['dijanjikan', 'calon', 'gubenur', 'lupa', 'tagih', 'janjinya', 'jakarta', 'butuh', 'sekedar', 'janji']"
negative,"['precariat', 'rumah', 'lumayan', 'membantu', 'tagih']"
negative,"['menerima', 'hasil', 'lapang', 'dada']"
negative,"['sedih', 'optimis', 'jakartaku']"
negative,"['tagih', 'program', 'aniessandi']"
negative,"['sabtu', 'kerjangobrol', 'ketua', 'rw', 'komplek', 'rumah', 'teman', 'super', 'maksa', 'warga', 'pilih', 'anies', 'janji', 'milyar']"
negative,"['takut', 'kalah', 'buruan', 'bagibagi', 'sembako', 'kayanya', 'cocok', 'pegawai', 'bulog', 'kaleee', 'colek', 'dki', 'ri']"
negative,"['jenazah', 'ditolak', 'abis', 'solat', 'diusir', 'dagang', 'usir', 'agama', 'jualannya', 'politik', 'mantavvv', 'jiwa']"
negative,"['lawan', 'ahok', 'buruk', 'track', 'record', 'komitmen', 'memberantas', 'korupsi', 'nihil']"
negative,"['anies', 'prostitusi', 'perjudian', 'kalijodo', 'tertata', 'rapih']"
negative,"['serem', 'bilangnya', 'pitenah']"
negative,"['tenang', 'team', 'sukses', 'bunga']"
negative,"['diaplikasikan', 'program', 'paslon', 'cenderung', 'nyambung', 'bahasa', 'teknisnya', 'prihatin']"
negative,"['semoga', 'allah', 'swt', 'rahmat', 'mendzolimi']"
negative,"['anis', 'persis', 'jualan', 'sabun', 'wangi', 'dipasar', 'ngomong', 'pinter', 'mandi']"
negative,"['pemimpin', 'ingkar', 'heran', 'tuhan', 'manusia', 'seringkali', 'ingkar']"
negative,"['fasisme', 'musuh', 'demokrasi', 'merangkul', 'islamisme', 'orde']"
negative,"['btp', 'pemenang', 'pilkada', 'bangundki', 'stres', 'gatotgagal', 'total']"
negative,"['bicaramu', 'ngawur', 'fakta', 'ngomong', 'btp']"
negative,"['pilkada', 'ditutup', 'debat', 'kusir', 'kusut', 'kualitasnya', 'debat', 'terparah']"
negative,"['kau', 'arogan', 'anies', 'memilihmu']"
negative,"['ko', 'polling', 'goreng', 'kpud', 'netral', 'kamvreetttt']"
negative,"['program', 'ngomong', 'pemotongan', 'warga']"
negative,"['waaaah', 'sadar', 'salah', 'pilih', 'btp']"
negative,"['belajar', 'sederhana', 'kursi', 'dipakai', 'duduk', 'meja', 'duduk', 'mendikbud', 'dipecat']"
negative,"['lagu', 'aniessandi', 'menjiplak', 'nyanyian', 'yahudi']"
negative,"['didiklah', 'muda', 'akhlak', 'integritas', 'ambisi', 'kotor', 'fitnah', 'omong', 'doang']"
negative,"['anies', 'dipolisikan', 'djarot', 'gusur', 'titik', 'dki']"
negative,"['menebar', 'fitnah', 'menuai', 'kalah']"
negative,"['pemimpin', 'pemimpi', 'tega']"
negative,"['pelatihan', 'okoce', 'sabun', 'almaidah']"
negative,"['kotori', 'balai', 'kota', 'karangan', 'bunga']"
negative,['timses']
negative,"['kampanye', 'menteri', 'agama', 'mengeluarkan', 'peraturan', 'larangan', 'kampanye', 'rumah', 'ibadah', 'menang', 'karna', 'sara']"
negative,"['kuoata', 'pakai', 'emang', 'situ', 'beliin', 'pulsa', 'beliin', 'kuota']"
negative,"['perayaan', 'kemenangan', 'pakai', 'papan', 'kembang', 'pakai', 'kambiang', 'bersyukur', 'abunawas']"
negative,"['surat', 'kocak', 'anies']"
negative,"['macet', 'warga', 'kelapa', 'gading', 'harap', 'proyek', 'mangkrak']"
negative,[]
negative,"['aniessandi', 'dinilai', 'loyo', 'berpotensi', 'dikangkangi', 'ormas', 'garis', 'keras']"
negative,"['cari', 'suami', 'cari', 'team', 'keamanan', 'kotak', 'djagain']"
negative,"['program', 'ahok', 'dibatalkan', 'anies', 'aniessandi', 'ahok', 'djarot']"
negative,"['pemimpin', 'tumbang']"
negative,"['semoga', 'damai', 'kecikampek', 'brow', 'rumah', 'programnya']"
negative,"['walupun', 'orangjakarta', 'menyesal', 'rugi', 'dukung', 'ayo', 'uangsembako', 'non', 'pilkadapret']"
negative,"['menyalahkan', 'sikap', 'paham', 'aturan', 'gubernur', 'btp']"
negative,"['program', 'aniessandi', 'dianggap', 'menyulitkan']"
negative,"['blunder', 'menteri', 'pan', 'ditendang', 'garagara', 'dukung', 'isu', 'kabinet']"
negative,"['pendukung', 'tim', 'menebar', 'fitnah', 'kemenangan', 'anies']"
negative,"['menjanjikan', 'rumah', 'berbentuk', 'rumah', 'berbentuk', 'horisontal']"
negative,"['sistem', 'amankan', 'apbd', 'ahok', 'berjalan', 'dihilangkan', 'jka', 'utak', 'utik']"
negative,"['janji', 'janjinya', 'kawal']"
negative,['penganut']
negative,['periode']
negative,"['sebutan', 'ekstrimis', 'tim', 'persis', 'penjajah', 'belanda', 'perang', 'melawan']"
negative,"['situs', 'dipertahankan', 'dilantik', 'counter', 'hoax']"
negative,"['potong', 'telinga', 'tvonenews']"
negative,"['beretorika', 'indah', 'bayar', 'cicilan', 'lumayan', 'rumah', 'susun']"
negative,"['aniessandi', 'pimpin', 'kota', 'fpi', 'bertaring']"
negative,"['curang', 'kalah', 'kekalahan', 'menyakitkan', 'bermartabat', 'memalukan']"
negative,"['persen', 'beda', 'rupiah', 'persen', 'jt', 'rupiah', 'beda']"
negative,"['okee', 'oce', 'solusi']"
negative,"['surga', 'semudah', 'tinggal', 'nyoblos']"
negative,"['kadang', 'lucu', 'milih', 'nagih', 'rumah', 'situ', 'sehat', 'waras']"
negative,"['kasihan', 'anti', 'reklamasi', 'diteruskan', 'ayo', 'uang', 'gub', 'wagub', 'jkt']"
negative,"['saran', 'merealisir', 'transportasi', 'terintegrasi', 'tiket', 'rp', 'seyogianya', 'dibicarakan', 'transjakarta', 'organda', 'mti']"
negative,"['menyambut', 'kemenangan', 'bbrp', 'alumni', 'mencukur', 'rambut', 'ramai', 'bersolawat']"
negative,"['janji', 'rmh', 'bantuan', 'modal', 'cepat', 'cairkan', 'bohong', 'asset', 'hrs', 'dijual', 'rakyat', 'sesuai', 'komitmen']"
negative,"['prabowo', 'terima', 'kasih', 'habib', 'rizieq']"
negative,"['gue', 'ngerasa', 'omong', 'kosong', 'sebelah', 'terima', 'kalah', 'terima', 'menang']"
negative,"['titip', 'jayakarta']"
negative,"['potong', 'payudarasusu', 'menang', 'gmana', 'hahah', 'hitz', 'skali', 'btp']"
negative,"['prabowo', 'subianto', 'amin', 'rais', 'ayatollah', 'indonesia', 'aburizal', 'bakrie', 'mentor', 'arsitek', 'pemenangan']"
negative,"['urusan', 'timses', 'urusan', 'umat', 'islam', 'sedunia', 'aparat', 'penegak', 'hukum', 'indonesia']"
negative,"['menang', 'pendukungnya', 'puji', 'syukur', 'kalah', 'pendukungnya', 'nangisgak', 'kbayang', 'anies', 'kalah', 'aksi', 'demo']"
negative,"['bismillah', 'beli', 'rumah', 'awas', 'program', 'jalan']"
negative,"['mencari', 'pelayan', 'masyarakat', 'pemenang', 'pilkada']"
negative,"['heran', 'baca', 'berita', 'berita', 'negatif', 'pantes', 'portal', 'beritanya', 'sepi', 'melempem', 'payah']"
negative,"['berpihak', 'adil', 'titik', 'iklan', 'dki', 'dominasi', 'media', 'tanoe']"
negative,"['andai', 'ahok', 'muslim', 'menang']"
negative,"['ente', 'kafirun', 'nantangin', 'laskar', 'kite', 'cari', 'ente']"
negative,"['biadab', 'kelakuan', 'kelompok', 'pendukung', 'melebihi', 'penjajah', 'terbukti', 'melampaui', 'kemampuan', 'iblis']"
negative,"['kelakuan', 'busuk', 'alasan', 'busuk', 'lempar', 'tai', 'sembunyi', 'tangan', 'nunjuk', 'memalukan', 'klakuan', 'pendukung']"
negative,"['kasian', 'masjid', 'dijadikan', 'alat', 'balas', 'dendam', 'takbir', 'dilontarkan', 'memuaskan', 'kebencian', 'parah', 'pendukung']"
negative,"['buruknya', 'klakuan', 'pndukung', 'stelah', 'ceramah', 'politik', 'masjid', 'takbir', 'pengusiran', 'djarot', 'dri', 'masjid']"
negative,"['kuota', 'abis', 'mengikuti', 'berita', 'mui']"
negative,"['akun', 'akun', 'provokator', 'timses', 'timeline', 'mencirikan', 'akun', 'ahokers', 'waspadalah']"
negative,"['kubu', 'aniessandi', 'serukan', 'stop', 'politisasi', 'kebhinekaan']"
negative,"['kawal', 'mati', 'kawal', 'kemenangan']"
negative,"['fitnah', 'akun', 'sebentar', 'menang']"
negative,"['mobil', 'mobil', 'macet', 'arah', 'mall', 'taman', 'anggrek', 'tempelin', 'stiker', 'sopirnya', 'pilih']"
negative,"['bhineka', 'tunggal', 'ika', 'berlaku', 'hdapkan', 'pilihan', 'berbeda']"
negative,"['suka', 'baca', 'isinya', 'media', 'bersikap']"
negative,"['bukti', 'radikalis', 'pendukung', 'teroris']"
negative,"['kota', 'jakarta', 'pks', 'papua', 'berkoalisi', 'dukung', 'gubernur', 'kristen']"
negative,"['tulisan', 'mencoba', 'membranding', 'pluralis', 'konseptualnya', 'absurd', 'banget']"
negative,"['ahok', 'menistakan', 'agama', 'menang', 'pilkada', 'logika', 'timses']"
negative,"['mabuk', 'miras', 'mabok', 'kecubung', 'mabuk']"
negative,"['jiplak', 'program', 'hasil', 'bikinan', 'pendukung', 'penista', 'agama']"
negative,"['garansi', 'global', 'refurbish', 'garansi', 'bank', 'cacat', 'produksi', 'tukar', 'kasar']"
negative,"['munafik', 'jualan', 'agama', 'frontal', 'bawa', 'agama', 'sabar']"
negative,"['karangan', 'bunganya', 'ahokdjarot', 'doang', 'anissandi', 'grining', 'face', 'with', 'smile']"
negative,"['anies', 'sandi', 'menang', 'pilkada', 'dki', 'blusukan', 'memakai', 'heli', 'ujung', 'kulon', 'papua', 'grining', 'face', 'with', 'smile']"
negative,"['lucunya', 'pilkada', 'dki', 'ahokdjarot', 'kalah', 'simpati', 'masyarakat', 'dibandingkan', 'kemenangan', 'aniessandi']"
negative,"['ahok', 'kalah', 'aniessandi', 'menang', 'jakarta', 'rukun', 'koruptornya', 'grining', 'face', 'with', 'smile', 'grining', 'face', 'with', 'smile', 'lying', 'face', 'lying', 'face']"
negative,"['berita', 'badja', 'rencana', 'ahok', 'menang', 'kalah', 'berita', 'aniessandi', 'kecurangan', 'mengalahkn']"
negative,"['anies', 'sandi', 'kalah', 'debat', 'final', 'pilkada', 'dki', 'via']"
negative,"['kalah', 'badja', 'berbuat', 'curang', 'picik', 'grimacing', 'face', 'prabowo', 'aniessandi', 'menang', 'pilkada', 'dki', 'dicurangi']"
negative,"['kampanye', 'sandi', 'cianjur', 'anies', 'dukungan', 'aher', 'hhmm', 'jabar', 'dilanda', 'aniessandi', 'zippermouth', 'face', 'kalah', 'pilkada']"
negative,"['pilkada', 'panitianya', 'pakai', 'kaos', 'panitia', 'tim', 'pemenangan', 'aniessandi', 'main', 'licik', 'kalah']"
negative,"['ahy', 'kalah', 'pilkada', 'dki', 'putaran', 'putaran', 'aniessandi', 'diserang', 'habishabisan', 'buzzer', 'ahox']"
negative,"['aniessandi', 'kalah', 'pindah', 'nyalon', 'kab', 'bogor', 'kyknya', 'cocok', 'bogor', 'butuh', 'entrepreneurship', 'education']"
negative,"['kekuatan', 'partai', 'jatim', 'mei', 'paska', 'pilkada', 'dki', 'perhatikan', 'partai', 'pendukung', 'aniessandi', 'turun']"
negative,"['anies', 'sandi', 'menang', 'pilkada', 'dki']"
negative,"['cek', 'kaos', 'pendukung', 'aniessandikaos', 'provokatif', 'dipakai', 'pilkada', 'dki', 'dipakai', 'syukuran', 'bicara', 'rekonsiliasi']"
negative,"['anies', 'sandi', 'menang', 'pilkada', 'dki', 'menang', 'visi', 'misi', 'program', 'jakarta', 'zippermouth', 'face']"
negative,"['paslon', 'curang', 'kampanye', 'masjid', 'musolah', 'kampanye', 'politik', 'pilkadatiap', 'pengajian', 'duit']"
negative,"['angsuran', 'program', 'sengsarain', 'cagub', 'periode', 'kabur', 'gubenur', 'babak', 'belur']"
negative,"['ditunggu', 'konfirmasinya', 'bini', 'muda', 'ngeles']"
negative,"['fitnah', 'menteri', 'pendidikan', 'binimuda', 'kw', 'aspal', 'anies', 'sibuk', 'urus', 'istri', 'muda']"
negative,"['artis', 'bor', 'sumur', 'ngebor', 'lagimulai', 'kaku', 'tangannya', 'hand']"
negative,"['nginulpun', 'terdiam', 'face', 'without', 'mouth']"
negative,"['wajah', 'politik', 'santun', 'penuh', 'manies', 'bertabur', 'wacana', 'dusta', 'sandiwara']"
negative,"['hati', 'terprovokasi', 'teman', 'wajah', 'islam', 'wajah', 'politik', 'disappointed', 'face']"
negative,"['kaya', 'bebas', 'tajir', 'melintir', 'alhamdullilah']"
negative,[]
negative,"['intelijen', 'bayaran', 'bermain', 'masyarakat', 'cerdas', 'menanggapinya']"
negative,"['isis', 'proses', 'hukum', 'knapa', 'komentari', 'grining', 'face', 'grining', 'face', 'grining', 'face', 'males', 'betengkar', 'anak', 'tk', 'bobot', 'ngeles', 'person', 'raising', 'hand', 'face', 'with', 'stuckout', 'tongue', 'closed', 'eyes', 'person', 'running', 'person', 'running', 'person', 'running']"
negative,"['logika', 'nalar', 'ardhono']"
negative,"['seru', 'nonton', 'acara', 'debat']"
negative,"['hhahahaa', 'okengoceh']"
negative,"['berpihak', 'ormas', 'abal', 'abal']"
negative,"['cagub', 'cagub', 'wacana', 'cagub', 'fakta', 'cagub', 'dusta']"
negative,"['masyarakat', 'bego']"
negative,"['ko', 'polling', 'goreng', 'kpud', 'netral', 'kamvreetttt']"
negative,"['oke', 'oce', 'oke', 'mart', 'oke', 'jek', 'hahaha', 'ogah', 'ogah', 'capek']"
negative,"['boss', 'cabut', 'pasang', 'kaya', 'kebijakan', 'reklamasi']"
negative,"['ahok', 'akal', 'anies', 'manismanis', 'bullshit']"
negative,"['adekku', 'ogah', 'ogah', 'cape', 'smiling', 'face', 'with', 'open', 'mouth', 'closed', 'eyes', 'smiling', 'face', 'with', 'open', 'mouth', 'closed', 'eyes']"
negative,"['ngecap', 'lucu', 'diam']"
negative,"['face', 'with', 'tears', 'joy', 'muter', 'face', 'with', 'stuckout', 'tongue', 'closed', 'eyes']"
negative,[]
negative,[]
negative,"['mbak', 'ira', 'kusno', 'bajunya', 'pas', 'cerah', 'sedikitapa', 'gara', 'blush', 'tegang', 'debat', 'smiling', 'face', 'with', 'open', 'mouth', 'cold', 'sweat']"
negative,"['susah', 'pertanyaannya', 'bisanya']"
negative,"['apapun', 'pertanyaannya', 'jawabannya']"
positive,"['pasangan', 'membawa', 'kemajuan', 'kesejukan', 'jakarta']"
positive,"['kpu', 'aniessandi', 'unggul', 'jakarta']"
positive,"['fahri', 'harapkan', 'aniessandi', 'loyal', 'jokowi']"
positive,"['anies', 'sandi', 'gubetnur', 'selamat', 'semoga', 'amanah', 'istiqomah', 'janji', 'janjinya', 'amien', 'robbal', 'allamin']"
positive,"['anies', 'menang', 'tko', 'ahok']"
positive,"['selamat', 'pasangan', 'anies', 'sandi', 'mari', 'tingkatkan', 'persatuan', 'indonesia']"
positive,"['mari', 'keras', 'semoga', 'mengemban', 'amanah']"
positive,"['mayanlah', 'pks', 'kepala', 'dinas', 'pks', 'jamin', 'aniessandi', 'bedakan', 'warga', 'jakarta']"
positive,"['macem', 'keramaian', 'pilkada', 'dki', 'potong', 'nenen', 'jago', 'ngeles', 'ramalan', 'anyway', 'selamat', 'aniessandi']"
positive,"['beliau', 'unggul', 'perhitungan', 'suara', 'pilgub', 'dki', 'versi', 'quick', 'count', 'lembaga', 'survei']"
positive,"['netizen', 'tubirnya', 'anis', 'sandi', 'menang', 'tubir', 'mulu']"
positive,"['jakarta', 'gubernur', 'selamat', 'lupa', 'jalankan', 'janji', 'janji', 'manisnya']"
positive,"['selamat', 'sukses', 'gubernur', 'wakil', 'gubernur', 'jakarta']"
positive,"['keren', 'mancarli', 'aman', 'lancar', 'terkendali', 'tks', 'jakarta', 'menarik', 'selamat', 'gubwagub', 'terpilih']"
positive,"['tugas', 'berat', 'bang', 'semoga', 'amanah', 'mewujudkan', 'janji', 'warga', 'jakarta']"
positive,"['jakarta', 'rumah', 'kemana', 'ribu']"
positive,"['selamat', 'pasangan', 'anies', 'sandi', 'duren', 'selatan']"
positive,"['selamat', 'kemenangan', 'semoga', 'maju', 'dki']"
positive,"['prabowo', 'aniessandi', 'menang']"
positive,"['selamat', 'aniessandigubernur', 'wakil', 'gubenur', 'semoga', 'amanah']"
positive,"['mendengar', 'pidato', 'anies', 'barusan', 'berharap', 'menang', 'gubernur', 'jakarta', 'radikalisme']"
positive,"['semoga', 'program', 'gubernur', 'terpilih', 'terwujud', 'program', 'berjalan', 'sesuai', 'harapan']"
positive,"['menerima', 'gubernur', 'terima', 'kasih', 'gubernur', 'sudahi', 'perselisihan', 'mari', 'bersatu', 'maju']"
positive,"['jakarta', 'gubenur', 'selamat', 'warga', 'jakarta', 'semoga', 'maju', 'aman', 'sejahtera']"
positive,"['heyyang', 'menang', 'sombong', 'kalah', 'marah']"
positive,"['ahok', 'djarot', 'menang', 'tinggal', 'melanjutkan', 'tugas', 'anis', 'sandi', 'menang', 'mudahmudahan']"
positive,"['hasil', 'qc', 'jam', 'menang', 'aniessandi']"
positive,"['selamat', 'anies', 'sandi', 'unggul', 'hitung', 'cepat']"
positive,"['memilih', 'berpeci', 'jakarta', 'pusatkemayoran']"
positive,"['semoga', 'buktikan', 'jakarta', 'memiliki', 'pesta', 'demokrasi', 'terbaik', 'indonesia']"
positive,"['lantunan', 'shalawat', 'iringi', 'sandiaga', 'uno', 'keluarga', 'tps']"
positive,"['ketiga', 'cikini', 'menteng']"
positive,"['sandi', 'menang', 'minimal', 'tps']"
positive,"['ornamen', 'betawi', 'hiasi', 'tps', 'anies', 'nyoblos']"
positive,"['asli', 'suku', 'betawi', 'pilih', 'pemimpin', 'muslim', 'pemimpin', 'jakarta', 'allahuakbar']"
positive,"['aniessandi', 'upayakan', 'buruh', 'jakarta']"
positive,"['seneng', 'expresinya']"
positive,"['unggul', 'wilayah', 'raih']"
positive,"['manfaat', 'loyalis', 'gubernur', 'dki']"
positive,"['anies', 'larang', 'warga', 'dki', 'buka', 'medsos', 'nama', 'rekonsiliasi', 'via']"
positive,"['janji', 'kampanye', 'anies', 'apbd', 'dki']"
positive,"['keren', 'karangan', 'bunga', 'tandingan', 'ajakan', 'dukung', 'lucu']"
positive,"['aniessandi', 'diharapkan', 'perhatikan', 'olahraga', 'dki', 'jakarta']"
positive,"['ikhtiar', 'sesungguhnya', 'mengembalikan', 'menghadirkan', 'keadilan', 'warga']"
positive,"['menggulirkan', 'ide', 'rumah', 'membicarakan', 'rumah', 'murah', 'kekuatan', 'gagasan', 'pemimpin']"
positive,"['janji', 'kampanye', 'aniessandi', 'bidang', 'wirausaha']"
positive,"['ayo', 'sahabat', 'jakarta']"
positive,"['jakarta', 'berdoa']"
positive,"['karangan', 'bunga', 'kematian', 'kekuasaannyaakan', 'welcome']"
positive,"['anies', 'sandi', 'pastikan', 'menutup', 'hotel', 'alexis', 'malioboro']"
positive,"['dampak', 'kemenangan', 'aniessandi', 'pergerakan', 'saham']"
positive,['mengalahkan']
positive,"['warga', 'jakarta', 'payungi', 'sapa', 'program']"
positive,['seputar']
positive,"['terima', 'kasih', 'warga', 'jakarta', 'memilih', 'warga', 'kebayoran', 'kawal', 'amanah', 'ummat']"
positive,"['selamat', 'amanah', 'maju', 'kotanya', 'bahagia', 'warganya']"
positive,"['pasangan', 'pasangan', 'ideal', 'dinamika', 'diibu', 'kota', 'jakarta']"
positive,"['dibahas', 'dicounter', 'situs', 'anti', 'hoax', 'tim']"
positive,"['fakta', 'pemilih', 'sepakat', 'sbaliknya', 'pmilih', 'gmana']"
positive,"['saksikan', 'live', 'merajut', 'jakarta', 'bang', 'anies', 'bang', 'sandi']"
positive,"['kerinduan', 'mencapai', 'klimaksnya', 'sosok', 'gubernur', 'jakarta', 'cinta', 'persija', 'insha', 'allah', 'chant', 'bergema', 'stadion']"
positive,"['nunggu', 'hasil', 'resmi', 'kpu', 'kawal', 'rangkul', 'smua']"
positive,"['silaturahmi', 'temanteman', 'media', 'mengikuti', 'kegiatan', 'kampanye', 'terima', 'kasih']"
positive,"['era', 'pastinya', 'ucapan', 'pemahaman', 'nenek', 'ucapan', 'prilaku', 'santun']"
positive,"['sugeng', 'pelaku', 'umkm', 'gultik', 'undang', 'posko', 'pemenangan', 'semoga', 'usaha', 'sukses', 'okoce']"
positive,['dihati']
positive,"['perumahan', 'pemprov', 'subsidi', 'rp', 'juta', 'unit']"
positive,"['kemenangan', 'kemenangan', 'warga', 'jakarta', 'umat', 'islam', 'berjuang', 'menuntut', 'keadilan', 'hukum']"
positive,"['teman', 'ahok', 'aniessandi', 'ahok']"
positive,"['kemenangan', 'putaran', 'kemenangan', 'sekelompok', 'orangtetapi', 'kemenangan', 'warga', 'dki', 'rakyat', 'indonesia']"
positive,"['semoga', 'melebur', 'relawan', 'relawan', 'jakarta', 'bersatu']"
positive,"['cfd', 'sandiaga', 'unoserurame', 'menyehatkan']"
positive,"['tim', 'transisi', 'aniessandi', 'usulkan', 'program', 'apbd']"
positive,"['dahsyat', 'menyesal', 'nyoblos', 'kemarin']"
positive,"['menerapkan', 'open', 'government', 'governance', 'triple', 'pasword', 'apbd', 'dki', 'membantu', 'merealisasi', 'program']"
positive,"['wakil', 'timses', 'aniessandi', 'pantau', 'pencoblosan', 'ulang', 'tps', 'gambir']"
positive,"['bersyukur', 'allah', 'cerdas', 'pandai', 'jakarta', 'buktinya', 'menang', 'telak']"
positive,"['maaf', 'ahoker', 'setuju', 'anies']"
positive,"['menuduh', 'pendukung', 'ekstrimis', 'momen', 'gagal', 'fokus']"
positive,"['anies', 'komitmen', 'kota', 'jakarta', 'bhineka', 'indonesia', 'aniessandi']"
positive,"['biarkan', 'komitmennya', 'pendukung', 'menegur', 'mengkritisi']"
positive,"['terima', 'kasih', 'relawan', 'agussylvi', 'memilih']"
positive,"['aniessandi', 'satukan', 'warga', 'jakarta', 'terbelah']"
positive,"['kemenangan', 'sesungguhnya', 'keadilan', 'hukum', 'keadilan', 'sosial', 'timpang', 'dirasakan', 'rakyat']"
positive,"['percaya', 'kepemimpinan', 'jakarta', 'santun', 'jakarta', 'jakarta']"
positive,"['siiiip', 'bantu', 'kawal', 'merealisasikan', 'smua', 'programnya']"
positive,"['pemimpin', 'ditengahyang', 'merangkul', 'smua', 'masyarakatnyatanpa', 'membedakan', 'suku', 'agamaras', 'antargolongan']"
positive,"['polda', 'objektif', 'selidiki', 'sandiaga', 'uno']"
positive,"['persija', 'stadion', 'rumputnya', 'mu']"
positive,"['kompas', 'tv', 'sandiaga', 'uno']"
positive,"['percaya', 'usaha', 'siasia', 'teruslah', 'mengemban', 'amanat', 'jakarta', 'warganya']"
positive,"['saudaraku', 'berdasarkan', 'exitpoll', 'litbang', 'kompas', 'mayoritas', 'pemilih', 'pan', 'memilih', 'pasangan', 'aniessandi']"
positive,"['maju', 'penyejuk', 'pemersatu', 'bangsa', 'memajukan', 'jakarta']"
positive,"['mari', 'keras', 'mengemban', 'amanah']"
positive,"['syukur', 'kemenangan', 'rakyat', 'jakarta']"
positive,['waaah']
positive,"['ngawur', 'berpihak', 'pengusaha', 'rakyat', 'berbeda', 'ahok', 'pro', 'pengembang']"
positive,"['saran', 'mewujudkan', 'program', 'dana', 'milyarrw', 'dibutuhkan', 'persetujuan', 'dprd', 'ri', 'ri', 'cegah', 'korupsi']"
positive,"['setuju', 'banget', 'membawa', 'jakarta']"
positive,"['saran', 'reklamasi', 'dibatalkan', 'dibicarakan', 'pemerintah', 'pusat']"
positive,"['jeda', 'iklan', 'sandiaga', 'turun', 'panggung', 'debat', 'peluk', 'erat', 'nelayan', 'bang']"
positive,"['lsi', 'jelang', 'pilkada', 'suara', 'ahok', 'tertinggal', 'anies']"
positive,"['sandiaga', 'uno', 'gaji', 'kaum', 'dhuafa']"
positive,"['bismillah', 'semoga', 'gubernur', 'baruu']"
positive,"['allah', 'karuniai', 'gubernur', 'wagub', 'jujur', 'adil', 'amanah', 'tulus', 'mengabdi', 'kemaslahatan', 'dki', 'jakarta', 'amin']"
positive,"['menarik', 'sesuai', 'hati', 'nurani', 'hand', 'hand', 'hand']"
positive,"['selamat', 'keberhasilan', 'hand']"
positive,"['macammacam', 'keramaian', 'pilkada', 'dki', 'potong', 'nenen', 'jago', 'ngeles', 'ramalan', 'selamat', 'aniessandi']"
positive,"['semoga', 'janji', 'gubernur', 'terpenuhi', 'folded', 'hands']"
positive,"['jakarta', 'benarbenar', 'milik', 'indonesia', 'terima', 'kasih']"
positive,"['pilihanku', 'hand', 'hand', 'hand']"
positive,"['anies', 'pasrah', 'hasil', 'pilkada', 'dki', 'jakarta']"
positive,['allahuakbar']
positive,"['hand', 'hand', 'hand']"
positive,"['bedanya', 'suara', 'ahy', 'aniessandi', 'glowing', 'star', 'glowing', 'star', 'glowing', 'star']"
positive,"['menang', 'pilkada', 'dki', 'prabowo', 'aniessandi', 'keras']"
positive,"['doain', 'daerah', 'gub', 'folded', 'hands', 'gym', 'kritik', 'syukuran', 'aniessandi', 'menang', 'pilkada', 'dki']"
positive,"['feeling', 'menang', 'pasangan', 'aniessandi']"
positive,"['kpu', 'umumkan', 'hasil', 'pilkada', 'dki', 'aniessandi', 'menang', 'karangan', 'bunga', 'ngaruh', 'cat', 'face', 'with', 'tears', 'joy']"
positive,"['hasil', 'rekapituasi', 'manual', 'pilkada', 'dki', 'aniessandi', 'menang']"
positive,"['alesha', 'milih', 'smiling', 'face', 'with', 'sunglasses', 'jari']"
positive,"['hand', 'hand', 'hand']"
positive,"['hand', 'jakarta']"
positive,"['hahaha', 'adjrot', 'adjrot', 'kehabisan', 'akal', 'mengalahkan', 'kandidat', 'favoritku', 'lovered', 'lovered']"
positive,"['insya', 'allah', 'menang', 'lukai', 'hati', 'umat', 'islam', 'menjabat', 'hand', 'hand', 'hand']"
positive,"['sayang', 'acaranya', 'keren', 'hand', 'hand']"
positive,"['anies', 'hand', 'gubernur', 'rakyat', 'gubernur', 'pengembang']"
positive,"['ahok', 'najwa', 'bener', 'bener', 'mati', 'kutu', 'bingung', 'tudingan', 'ringan', 'smiling', 'face', 'with', 'hearteyes', 'smiling', 'face', 'with', 'hearteyes']"
positive,[]
positive,['saudara']
positive,['pan']
positive,"['bang', 'habis', 'manggung', 'thumbs', 'up', 'thumbs', 'up']"
positive,"['hand', 'hand', 'hand']"
positive,"['nongkrong', 'didatangi', 'timses', 'paslon', 'hand']"
positive,"['anies', 'pempmpinnya', 'maju', 'jalan', 'ridhoi', 'allah', 'thumbs', 'up', 'thumbs', 'up']"
positive,"['gubernur', 'terpilih', 'anies']"
positive,"['mencoba', 'menerapkan', 'lakukan', 'hand']"
positive,"['lupa', 'hand', 'hand', 'hand']"
positive,"['brgabung', 'dukung', 'usaha', 'pimpinannya', 'ust', 'yusuf', 'mansyur', 'folded', 'hands']"
positive,['hand']
positive,"['wiiih', 'aqua', 'pilih', 'hand', 'hand', 'hand']"
positive,"['kayaknya', 'nggak', 'fokus', 'insyaalloh', 'okeoke', 'hand']"
positive,[]
positive,"['jaringan', 'menghadirkan', 'okeoce', 'mart', 'hand']"
positive,"['pilih', 'tanggal', 'april', 'kakak', 'hand']"
positive,"['bpk', 'rspun', 'selfie', 'hand']"
positive,"['merangkul', 'batas', 'usia', 'kelamin', 'hand', 'victory', 'hand']"
positive,"['jagoanku', 'dibidang', 'digital', 'smiling', 'face', 'with', 'sunglasses', 'hand']"
positive,[]
positive,"['sandiaga', 'bangun', 'rumah', 'simpel', 'dibanding', 'tol', 'cipali']"
