Sentiment,Text Tweet
positive,"Undang @N_ShaniJKT48 ke hitamputih, pemenang SSK JKT48 harusnya mJKT48 ini lebih Layak di Undang karena prestasinya"
positive,Selamat berbuka puasa Semoga amal ibadah hari ni diterima Allah #hitamputih
positive,"Ada nih di trans7 hitam putih, dia dpt penghargaan juga di norwegia #hitamputih"
positive,selamat ya mas @adietaufan masuk hitamputih
positive,Asiknya nonton Hitam Putih Trans7
positive,@TRANS7 acara paling komplit dan menarik apalagi ada hitam putih
positive,hitam putih T7 inspiratif banget
positive,Suka banget dengan acara hitam putih
positive,Keren lu bro #HitamPutihTrans7
positive,"Tadi ada yg liat hitam putih di trans7 ga, Ada sanggu ganteng"
positive,cinta mengikat silaturahmi di hati ... #LunaMaya #hitamputihtrans7 .... https://www.instagram.com/p/BTqszJ3jO9A/
positive,Terima kasih pak.... Sudah mau membantu kami untuk menyekolahkan adik saya.... #hitamputihtrans7
positive,Semoga lancar hitamputihtrans7
positive,Trans7 Hitam Putih terbaik https://www.instagram.com/p/BTYyTXMgVKd/
positive,Acara hitam putih paling bagus buat di lihat
positive,"@TRANS7 undang @DA3_Rafly di acara hitam putih ya,dia jebolan dangdut academi pinter nyanyi lagu india suaranya keren"
positive,"Bagus Rancangan Seperti ini di TRANS7 HitamPutih, Sambil2 Dakwah Hiburannya. Terima kasih Ustadz Wijayanto..."
positive,"Wah kapan Rihanna bisa jadi bintang tamu Hitam Putih kayak di @ASAL_Trans7. jadi kangen, kapan tayang lagi di @TRANS7?"
positive,Terimakasih telah menonton Hitam Putih malam ini. Semoga dapat menginspirasi dan dapat memberikan pelajaran utk Sobat7. #RafatharonHP
positive,Acara hitam putih di trans7 topiknya bagus nih. Ttg Kepribadian ganda.
positive,Nonton kisah anastasya wella di #hitamputihtrans7 seru bgt ya kisahnya. Punya 9 kepribadian berbeda.
positive,Yang bikin selalu rindu kalau jauh dari nya... #hitamputihtrans7
positive,@HitamPutih wihh hebat kakek neneknya @TRANS7
positive,Setelah menunggu sekian lama. Akhirnya @yukikatou2 nongol juga di HITAM PUTIH TRANS7
positive,makin asik hitam putih
positive,"Spensa Boys asal poso di hitam putih trans7 ASLI KALIAN KEREN!! yang pake kemeja biru putih, si gingsul ada salam dari sini"
positive,Wahh asik nih vocalgrup #HitamPutih... thanks @TRANS7
positive,setiap hari aku slalu nonton Hitam Putih di Trans7. Hbs acara nya bagus banget mas Dedy.
positive,Acara Hitam Putih di Trans7 malam ini pembahasannya MANTAB! Setuju kalau bakal diperbanyak yang mengulas hal semacam ini
positive,lg seru nonton hitam putih.. terus lanjut nonton on the spot @indahmariana19 @hitamputiht7 @trans7
positive,#HPJkt48 #JKT48HitamPutihT7 trio unyu di acara master Dedy.. Thanks #HitamPutih
positive,perusahaan jujur pasti punya pekerja yg jujur. #hitamPutihT7
positive,"Keren, undang mereka dong di acara HitamPutih atau acara presiden @news_trans7"
positive,Suka banget sama episode Hitam Putih malam ini! #HitamPutih_Trans7
positive,"Kangen jeketi jadi bintang tamu Hitam Putih Trans7, seru aja gitu pas jaman gen 1 diundang ke hitam putih"
positive,Terima kasih telah menyaksikan Hitam Putih hari ini. Semoga menginspirasi dan terhibur
positive,makin ok saja hitam putih... mau donk di undang.....
positive,Sangat menginspirasi. #hitamputihtrans7 #FOCUS Hari ini banyak inspirasi buat saya
positive,seru nih hitam putih trans7 live
positive,Bersyukurlah kita hidup di Indonesia #hitamputihtrans7
positive,"Setuju banget sama ucapan deddy corbuzier di Hitam Putih Trans7 hr ini. Guru tak perlu diberikan tanda jasa, cukup naikan gaji"
positive,selamat siang selamat beraktivitas juga kami selalu menunggu hitam putih di chaenel kesayangan trans7
positive,Ada @Stefan0Lilipaly & @andik_vermansah di #HitamPutihT7 Keren.. !!!
positive,"nonton trans7 hitam putih keren abis jesika cantik, dedy ganteng @hitamputihtrans7"
positive,acara hitam putih memang oke
positive,"Yuk tweeps merapat, sebentar lagi Hitam Putih akan LIVE!"
positive,"Tweeps terima kasih sudah menyaksikan Hitam Putih hari ini, besok kembali Live di @TRANS7 #HPViral"
positive,#hitamputihtrans7 emang selalu keren.. siapapun tamunya..
positive,"subhanallah, ni anak2 karunia yg tak ada bandingnya... trans7 hitamputih"
positive,"Sangat terkesan setelah mendengar salah satu dr mereka, jika saya adalah orang yg... maju terus hitam putih semoga sukses slalu"
negative,"Hitam putih bego, haruka diundang bentar biar pd liat younglex udah gt malah dihina Bego"
negative,"Miris liat pemerintah, Juara angkat berat se-asia tp tdk ada biaya mengikuti kejurnas.. #miris #hitamputihtrans7 "
negative,"Juara 1 angkat berat Se-Asia, tdk menerima hadiahnya dan tidak bisa ikut kejurnas karena terkendala biaya #hitamputihtrans7"
negative,"haruka lain kali kalau diundang ke hitam putih ditolak aja, hostnya ga menghargai kamu"
negative,Berasa aneh nonton acara Hitam Putih tapi penonton nya anak yg sekolah di sekolah gua #smkjakarta1
negative,"sedih dengar curhatanmu, Roxana. Semoga Tuhan tunjukkan jalan dan titik terang utk Roxana #hitamputih #pegulat"
negative,Miris ketika anak Indonesia kesulitan menggunakan Bahasa Indonesa dan lebih nyaman menggunakan bahasa asing #HitamPutihTrans7 #AkuIndonesia
negative,"Sombongnya mentang2 kaya pake diumumkan, saya host kaya di Hitam Putih Trans7...!!!"
negative,parah banget hitam putih di Trans7. Ngomong sembarang. Yg merusak generasi muda acara kyk gini
negative,Orang bangkrut itu bukan perkara soal uang tetapi bangkrut itu orang yang sudah tidak punya mimpi -BangQomar #HitamPutihT7
negative,Menakutkan Powernya Oma Martha #HitamPutihT7
negative,"#hitamputihT7 jika hasilnya tdk sesuai dgn apa yg dikehendaki para pendemo akan demo lg, silakah jika ini diartikan sbg pemaksaan kehendak"
negative,mulut farhat abas anjay bener di #HitamPutihT7
negative,Klo episode berikutnya muncul lagi di @HitamPutihT7 saya ga bakal nonton lg hitam putih.. #hitamputiht7
negative,Yaampun banyak anak kecil yang nonton #hitamputihT7
negative,Seorang anak yg butuh pengakuan dari sang ayah #hitamPutihT7 @marioteguh
negative,Mario Teguh mencampakkan anak nya ? #HitamPutihT7
negative,"Orang tuna netra aja bisa berbagi, kok yg pegang jabatan tinggi korupsi #HitamPutihT7"
negative,@pandji garing banget sih ni orang #hitamputiht7
negative,"kalo sekarang yang nyanyi anak2,tapi lagu Na ... Terlalu Menyakitkan Memalukan untuk disebutkan #savelaguanak #HitamputihT7"
negative,bukan maksud ngatain tp cuma bertanya knp hanya orang kecil atau bawah yg ditindes? @HitamPutihT7 #HitamPutihT7
negative,"Bos kau kalo cowo kerja salah di bentak abis, kalo cewe malah diajakin becanda trus ketawa #MyStupidBoss #HitamPutihT7"
negative,suara sang veteran kalau perlu koruptor di hukum mati! #hitamPutihT7
negative,Kok berita nya ga nyebar sih #HitamPutihT7 #Trans7
negative,"@HitamPutihT7 buta tuh orang, dalem ruangan pake kacamata hitam #HitamPutihT7"
negative,Ya dunia jadi terharu kepergian mbak jupe @hitamputih_trans7
negative,jadi gitu nasib atlet kita ya? @KEMENPORA_RI #HitamputihT7
negative,knp ya seorang sahabat bs lupa dg sahabatnya bila sudah bertemu teman lama / barunya? #HitamPutihT7
negative,"Baby tatan nangis ngeliat daddy, @HitamPutihT7 #hitamputiht7"
negative,angkat topi dan tundukkan kepala buat mbah simpen #hitamputihtrans7
negative,toleransi umat beragama macam apa yg diterapkan di Serang Banten? Toleransi hanya mitos #hitamPutihT7
negative,suara sang veteran : kalau perlu koruptor di hukum mati! #hitamPutihT7
negative,Turut berduka buat anak nya buk pak #HitamPutihT7
negative,ingin kan hal yg baik tetapi belum tentu semua itu sesuatu yg diharapkan? #moreppie #hitamputihT7
negative,ga tau kenapa semua menjadi buruk ketika kau pergi #moreppie #hitamputihT7
negative,#HitamPutihT7 udah sodok ajah bu haha #TributeToWanitaIndonesia
negative,butuh ketegasan dari pihak masyarakat dan pemerintah kita butuh tindakan bukan hanya ngoceh di medsos #HitamPutihT7 #PollingHitamPutih
negative,hidup itu harus dijalanin bukan dipikirin #hitamputiht7
negative,Pemimpin itu adalah pribadi yang dikorbankan #HitamPutihT7
negative,"Hidup ini dijalanin, bukan dipikirin. Mongol Stres #hitamputiht7"
negative,"#HitamPutihT7 Demo gak akan nyelesaikan masalah, harusnya bermusyawara ajha #HitamPutihT7"
negative,#hitamputihT7 bayangkan kalau seluruh konvensional akan buat online dimana pengusahanya tdk perlu bayar apa2. yg perorangan pasti kalah
negative,"lebih enak taksi konvensional, kalo kita kepepet ada taksi yg lewat langsung kalau nunggu yg online lama. #HitamPutihT7 #OnlineVsKonvension"
negative,#hitamputiht7 apakah ada hal kaya gini di negara lain ? Intinya saya gk setuju usaha kaya gini #OnlineVSKonvensional
negative,"Gak punya Gadget, mahal nipu / gk jelas argonya sering argo kuda dan gak aman pake konvensional #hitamputihtrans7"
negative,"Hidup itu pilihan, jangan pasrah dengan keadaan"
negative,#HitamPutihT7 Gawat darurat tetangga menembaki dg sengaja kucing2 disekitar rumah #komplekrumahelitbandung
negative,"miris sekali liat keadaan hewan yg di aniaya, #HitamPutihT7 #hpsayangbinatang"
negative,"hanya membicarakan permasalahan orang lain, memalukan"
negative,dedy sombong nya keteraluan
positive,"Suka banget nonton #IndonesiaLawyersClub bisa menambah wawasan, bisa belajar cara membicarakan suatu masalah keren @ILC_tvOnenews"
positive,"ngakak, mantap dah pokoknya seru"
positive,RINDU ILC INDOBESIA LAWYERS CLUB DI TVONE
positive,"Indonesia Lawyers Club merupakan program talkshow paling ditunggu pemirsa tvOne, yang membahas topik2 terkini #9TAHUNTVONE"
positive,Selalu kagum dengan Buya Syafii Maarif - ILC tvOne https://youtu.be/gPXSkLtAL5Y
positive,"Saya punya Panglima yang membanggakan, ILC tvOne https://youtu.be/tR2tN1u7eAw"
positive,Rating Indonesia Lawyers Club TV One Langsung Melesat #tvone #setelah411
positive,Sejuk kalo ILC itu kayak gini obrolannya - ILC tvOne
positive,"semuanya nonton tvOne, Indonesia Lawyers Club yuk"
positive,Belajar cara berdebat di bidang hukum #ilc
positive,Selamat tayang kembali Indonesia Lawyers Club tvOne
positive,Ini yg bikin adem Hati.. Aa Gymnastiar #ilc
positive,Ikhlas itu melepaskan dan mendoakan.. #ILC
positive,Bang @karniilyas cerdas ... #ILC hebat
positive,pak Ustadz. keren banget.. #ILC
positive,#ilc saatnya damai bersenandung
positive,Saatnya Damai Bersenandung #ILC dan Pemecah Belah Umat Beragama Dimusnahkan
positive,Semoga makin paham seperti apa sejatinya rupa Indonesia #ILC
positive,ILC malam ini adem #indonesialawyersclub
positive,"Indahnya ILC malam ini, semua pemuka agama saling rangkul dan setuju untuk meninggalkan kasus ahok yang merusak keselarasan bangsa #ILC"
positive,Setuju banget sama bapak ustad #ILC
positive,Top banget Utadz Zaitun Rasmin #ilc
positive,Yuk tonton TVOne selalu menyajikan berita2 obyektif #TVOneSllDihati
positive,#ilc polmart memang bijaksana
positive,Rakyat mendukung KPK usut tuntas kasus e-KTP @karniilyas #ILCTVOne
positive,Acara televisi yang sangat saya suka #ilcTvOne
positive,ga sabar nunggu 2019!!! #ILCTvOne
positive,semangat dan sehat selalu pak karni penonton setia menunggu ILC tayang kembali @karniilyas #ILCtvone
positive,Adem dengerin nasehat dari Aa gym semoga sehat slalu dan dalam lindunganNYA #IslamJagaNKRI @GeneralGatot #ILCtvone
positive,"sangat banyak ilmu yang bisa kita serap di #ILCTVONE semalam, menyejukan"
positive,#ILCtvone bangga kepada #PANGLIMATNI #JendralGatotNurmantyo
positive,Salut dengan komitmen Pak @GeneralGatot tegas berwibawa inilah Jenderal sesungguhnya. #ILC411 #ILCtvone
positive,Hormat jendral... #ilctvone #keren #nextpresiden2019
positive,Aa gym.... Menyejukan mental dan jiwa #ilctvone
positive,Terimakasih buya Syafii @maarifinstitute . Bangga dg kejernihaannya #ilctvone
positive,Penjelasan Kapolri jelas dan tegas. Barakallahu. Mari buka hati #ilctvone  #JagaNKRI
positive,"jika kita memiliki kasih,  seharusnya saling memaafkan jika ada org yg sudah mau minta maaf itu baru keren salut. #ilctvone"
positive,"#Ilctvone @jonru @hafidz_ary @AHMADDHANIPRAST sampe diketawain, krn awalnya kalem diujung keringat dingin matanya merem asli lucu"
positive,Ahmad Dhani ngomong Pasti seru ini.... #ILCTVOne
positive,"Mendengar pendapat pak hasim muzadi sangat menentramkan, keren #ilctvone"
positive,Salut dan hormat utk bang jhonson panjaitan lugas dan masuk akal... #ILCtvone
positive,Kompak dan sama  pembelaan antara BNN n Polisi...  #ilctvone
positive,Keren kali abang pengacara botak ini #ILCTvOne
positive,Jokowi ini org betul2 soleh.. hendropriyono #ilctvone
positive,Top n mencerahkan prof @mohmahfudmd ..! #ilctvone
positive,Media dukung Ahok karena pendapatan iklan dari korporasi juga besar. #ILCtvone
positive,@ILC_tvOnenews keren bikin melek #ilctvone
positive,Salut sama pak Darmawan Salihin...  #ILCTVONE
positive,semga ilc tetap jadi memberikan informasi yang benar
positive,"acara debat yag hebat, keren #ILC"
negative,Yang di tunggu bukan tvshow tapi INDONESIA LAWYERS CLUB. TVshow tidak cocok dengan karakter siaran tvone!
negative,"Indonesia Lawyers Club TvOne malam ini sepertinya batal tayang lagi. memalukan Rezim ini terlalu sakit, sehingga takut http://fb.me/18pYNAcs"
negative,Potensi teroris sangat besar. Jangan bikin pernyataan yg memberi peluang pd teroris #ILC
negative,"Indonesia banyak masalah tp gak ada sikap tegas dr pak presiden, ditanya di demo malah sibuk pencitraan & upload video gak penting! #ILC"
negative,"Kalau melihat acara #ILC Membidik Habieb Rizieq, Habieb ga perlu pulang ke Indonesia. Ga penting. Ga mutu."
negative,"@Busyro_Muqoddas : Minoritas ekonomi kuat menguasai Mayoritas Ekonomi lemah, tidak pernah dibahas inilah sumber radikal miris #ILC @karnii"
negative,sekali lg mengingatkan @aniesbaswedan untuk jaga jarak dg Islamis radikal jika tak ingin melihat bangsa ini hancur. #ILC
negative,omongannya ga menarik. ga berisi. #ILC
negative,Anis difitnah katanya dia... #ILC
negative,Sebuah pertanyaan kepada metromini utk dijadikan metronome yang dibentuk oleh kemacetan yang cukup padat di berikan oleh putra petir. #ilc
negative,"buat para pembela AHOK, Cek cara berpikirnya masa kalah sama ANAK SD. #AhokHarusDipenjara @ILC_tvOnenews #ILC"
negative,@MataNajwa kok kayak provokatif ya pembawa acaranya. Beda kelas dg #ILC @ILC_tvOnenews
negative,"Saya pribadi tdk suka dgn acara Mata Najwa dan ILC, tdk menyelesaikan masalah kayaknya. #matanajwa #ILC"
negative,Benarkah kebohongan yang diulang-ulang... #iLc
negative,Diracun dengan pujian.. #ILC
negative,"males nonton, Topik #ILC ga kekinian."
negative,Meskipun kebohongan itu lari secepat kilat satu waktu kebenaran akan mengalahkannya #ILC
negative,"org yg namanya tampang Nabi tp hati Iblis, sesuai dgn pernyataan pengacara Nazarudin #ILC"
negative,"para pejabat sedang sibuk membicarakan ""HAK ANGKET"", #ILC tv0ne http://fb.me/2RGmoq4cL"
negative,saya paham bahwa saya gagal paham...  #ILC
negative,"ngomong segitu panjang, gak dapet maksudnya mau apa... #aneh #ilc"
negative,"Sumpah liat mukanya #FahriHamzah di #ILC pengen gw lempar pake sepatu, nyebelin bgt"
negative,Percuma pak. fahri dower itu masih sakit hati sama KPK. #ILC
negative,"DPR TERUSIK,KPK DIBIDIK #ILC"
negative,@ReflyHZ Ajarin dewan ttg hak angket !!! #ILC
negative,"Saya rakyat, tp saya jg kadang ga seneng lihat cara nya yg superbodi kok kyknya tebang pilih jg.. #ILC"
negative,#ILC merajut jakarta kembali setelah tercabik cabik karena kepemimpinan masa lalu
negative,"@karniilyas maksudnya, cinta akan uang adalah akar kejahatan #ILCTVOne"
negative,Makin hari makin geram ngeliat tingkah laku dan akhlaq oknum yang mengatasnama kan ISLAM #ILCTVONE
negative,"Pembohongan publik itu, ketika rambut udah putih beruban tapi di cat hitam #ilctvone"
negative,"#MataNajwa meskipun beda kelas sm #ILCTVOne knp masih bebas tanpa pembatalan, Tanya kenapa?????"
negative,"Nonton ILC tokoh betawi bilang, org betawi itu gampang intinya ""bacot lu jaga.."" jadi itulah intinya.. #ilctvone"
negative,"Merajut kembali Jakarta? Gampang kok. ""Bacot lu jaga"" #ILCTVOne"
negative,buya safii maarif yg lebih tua kalah bijak dari nasihat bung eep yg jauh lebih muda #ILCtvOne
negative,Merampas hak dasar sebagai manusia harus batal demi hukum #ILCTvOne
negative,Pihak polisi kasihan jadi terlihat sangat bodoh berhadapan dengan argumentasi hukum dan pakar IT #IlcTvOne
negative,"itu bapak Abi Manyu kasian.... beliau tidak paham WhatsApp, miris #ilctvone"
negative,Bintang #ILCtvOne pun muncul #AaGym Tidak ada partai atau tokoh manapun yang sanggup menggerakkan orang http://fb.me/2WDYOkqZU
negative,"Menghimbau jangan terprovokasi, tp memantik kebencian.. Tidak meneduhkan tp membuat mendung.. #ILCTvOne"
negative,Tindakan anarkis pada saat aksi bukan oleh pendemo #ILCTvOne #SaveHmI
negative,"Sepenting apapun itu, ingat kita akan mati seram #ILCtvone"
negative,"siapa lagi? ketua preman pasar ikutan ngomong, memalukan #ILCtvone"
negative,"jgn krn cuma jaga moral dr konten porno, negara ini darurat radikalisme mau tunggu perang kyk di suriah baru kpi sadar? #ILCTVONE"
negative,kami butuh fakta bukti bukan hanya ngomong kebohongan #ILCTVOne
negative,Kasian ya yg bapak2 berpeci pake batik merah tadi air mata nya dikeluarin cuma krn ahoax #miris #ILCtvone
negative,"Syaiton itu musuhmu, jgn dijadikan sbg teman Manusia bs kesetanan tp setan tdk bs kemanusiaan... #insyaflahwahaimanusia #ILCtvone"
negative,"#ILCtvone mendengar cerita bu marwah aku merasa bodoh, memalukan"
negative,#ILCTVONE ini bang gaya nya benar2 pemikiran liberal miris sekali
negative,Sesat pikir para pengamat #taxamnesti #ILCtvone
negative,berbicara kelamaan ribet #ILC
positive,"ih lucu, mas kick andy nya senyum2 aja"
positive,nonton pak hasan Merkids di kick andy sangat menginspirasi salut pak hasan
positive,cara Ubah Mimpimu Jadi Tindakan Kick Andy
positive,Kickandy gokil #kickandy
positive,"Terima kasih sudah menonton acara #kickandy eps ubah mimpimu jadi tindakan, semoga bermanfaat"
positive,Temukan lentera jiwamu #kickandy #mahasiswaum
positive,Agung.. Saya akan undang lagi.. Untuk bercerita banyak tentang perjalanan kehidupanmu.. #KickAndy
positive,PARA MUSISI YG MENGGELORAKAN SEMANGAT NASIONALISME DAN KEBHINEKAAN UNJUK GIGI #KICKANDY NKRI HARGA MATI...
positive,Anak2 mulai berimajinasi. #kickandy
positive,CARA GILA MENDAKI GUNUNG #KickAndy Luar Biasa Mantap Jiwa
positive,sayangilah alam niscaya alam akan menyayangimu #kickAndy
positive,mantan narapidana pun dirangkulnya untuk dicarikan pekerjaan untuk menjalani hidup yg lbh baik lagi
positive,Agung @eevnxx mampu membuktikan sebuah karya yg mengagumkan bisa dihasilkan dgn belajar scr otodidak
positive,Salah satu kejadian yang membuat penonton tertawa saat agung hapsah muncul #KickAndy
positive,Agung akan diundang  Untuk bercerita banyak tentang perjalanan kehidupanmu.. #KickAndy
positive,Jatuh lalu bangkit Untuk membantu sesama #Kickandy
positive,Rasa bangga itu ada setelah saya bs menyumbang karya kecil buat NKRI Ronny #KickAndy patut acungi jempol
positive,"Sahabat Gimbal Alas, nanti malam jangan lupa ya nonton #KickAndy Cara Gila Mendaki Gunung ala Cak Tarpin"
positive,"Hanya orang takut yang bisa berani, karena keberanian http://ekhs7903.m.nomor1.com/ekhs7903/menulis-adalah-kesenangan-saya.htm … #kickandy"
positive,#kickandy Anda hanya dekat dengan mereka yang Anda sukai. Dan Anda menghindari orang yag tidak Anda sukai
positive,Anak 16Th yang berfikir dewasa mampu mampu membiyayai sekolahnya sendiri dengan cara membajak sawah #kickandy @Metro_TV @MetroTVToday
positive,"kangen lagi nonton #kickandy sama ayah, ayah langsung bilang seharusnya kamu bersyukur"
positive,#kickandy @KickAndyShow siang ini jg jadi ajang reuni sahabat kosti DKI dan kosti Jateng
positive,Bapak ku lucu ya #kickandy
positive,"besok pagi harus UTS, jd pulang duluan cuma poto bareng gambarnya #kickandy @KickAndyShow"
positive,Bahagianya Masuk Tv bersama Kawan #kickandy @ Kick Andy… https://www.instagram.com/p/BTGua2KhkXQ/
positive,Keren dan kocak nih tamu #kickAndy mereka-mereka yg memang lomba design yg berasal dari Malang
positive,"lucu ni bapak, bikin ketawa terus persis kayak di tv #kickandy http://ift.tt/2o1rW9W"
positive,Terima Kasih #kickandy sudah menginspirasi saya membuka mata banyak orang karena kesetiaan yang teruji itulah Cinta yang sesungguhnya
positive,Cinta itu agung. Tuhan itu luar biasa. #KickAndy
positive,riasan terbaik seorang wanita adalah semangat dan rasa percaya dirinya.. #kickandy
positive,Nonton #kickandy. Menginspirasi sekali
positive,"#kickandy kita mendukung Ahok, karena orang baik @KickAndyShow @Metro_TV"
positive,Mantap pak ahok #kickandy
positive,Manusia bersih pasti berani #KickAndy #TamuAhok
positive,Suka dengan nasehat Pak Analta Amir yg meminta Ahok menyaring ucapan #kickand
positive,"Nonton #kickandy Menarik, membuka pikiran menginspirasi. Sukses selalu"
positive,inilah jagoan saya!! hahahaha #kickandy
positive,Salut lah sama orang2 kek gitu #kickandy
positive,@KickAndyShow semoga tambah ok dan panjang umur. semoga acara nanti malam lancar #kickandy
positive,Ajang orang-orang saling menginspirasi. #kickandy #kickandyheroes2017
positive,"Suara Penta Boys ini memang keren banget, pantas jadi juara 1 di Rumania #KickAndy"
positive,penta Boys ini masih eksis saja dan saya suka suara mereka. Keren #KickAndyp
positive,"Rupanya, terselip beberapa detik di Kick Andy. Keren dan luar biasa"
positive,Terimakasih #kickAndy
positive,Tayangan yang sangat inspiratif yang banyak memberi motivasi kepada kita untuk lebih bisa mencintai orang-orang disabilitas #kickandy
positive,"perjuagan mereka istimewa, krn mampu menembus keterbatasan sbg rasa syukur pada Allah sangat menginspirasi. #KickAndy"
positive,Syukurilah atas kehidupanmu saat ini #kickandy
positive,"Acara yang sangat menginspirasi sekali, salut #kickandy"
positive,"suka dengan semua tamu yang diundang, pasti menginspirasi #kickandy"
negative,kalo udah di puncak jangan lupa sampahnya di bawa turun lagi karena alam bukan tempat nyampah stop nyampah di gunung #kickandy
negative,RT @KickAndyShow: 61 WNA terancam dideportasi dan lia @gracialia terancam dipidanakan
negative,Lebih baik menyalakan lilin daripada mengumpat kepada kegelapan #pejuangtangguh #kickandy
negative,"aku ga mau bohongi diri sendiri. Gimbal Alas, Malang. #kickandy"
negative,sampan tidak akan dapat belayar di padang pasir betapa pun jua emp http://ilha8253.m.nomor1.net/ilha8253/1001-burung-kertas.htm … #kickandy
negative,"Bila kita mencari uang, kita akan dipaksa mengupayakan jangan malas http://ln.is/m.nomor1.com/KfMAp … #kickandy"
negative,"Dalam hidup, terkadang kita lebih banyak mendapatkan apa yang tidak kita inginkan #NOMOR1.net #kickandy"
negative,"Cobaan suami saat istri sakit, cobaan istri saat suami gak punya duit miris #kickandy"
negative,"Terharu mendengar puisi ""Perempuan yang tak berhenti terjaga"" dari anak-anak Ibu Shinta Nuriyah, miris #kickandy"
negative,"anak itu milik berdua, bukan milik salah satu bantulah istri mengasuh anak seperti itu #Gusdur #kickandy"
negative,"ujian suami adalah saat istri sakit, dan ujian istri adalah saat suami tidak punya apa-apa #kickandy"
negative,#kickandy Bung Andy cuma mampir dgn gaya remaja sbg idola remaja dan tidak sempat beli
negative,"Kelemahan Anda hanyalah sementara, karena Anda sedang memperkuatnya tetapi bila Anda jadi #tekcmi144 #kickandy"
negative,Kekuatan terbesar yang mampu mengalahkan stress adalah kemampuan memilih pikiran yang tepat. kita akan #hermafik95 #kickandy
negative,Itu yg saya kesel. Coba kalo sodara km ngantri ke kanker. Coba km rasain. Kok bs gitu fitnah org. #KickAndy #SuaraHatiAhok
negative,"Klo pulang ke rumah, mati. Ga ada yg urus. Miskin kok. Kita mw taruh dia di apartemen #KickAndy #SuaraHatiAhok"
negative,Kalo dia berantem tdk ada telor busuk diketeknya #kickandy #pilkadadki
negative,Pak @basuki_btp mukanya sedih banget pas kakak2 angkatnya ngomong. #kickAndy
negative,Andy terlihat kaku dan jaga sikap saat mengundang Ahok menjadi tamu. Mungkin agar terlihat lebih formal #kickandy
negative,Makin stress makin ngantuk #ahok #kickandy
negative,"Jangan melihat orang dari cover nya aja, tapi lihat lah dia dari sisi lain nya. Fisik bisa saja sm namun isinya berbeda. #KickAndy"
negative,kayak gajah yg dibilang psikolog di @Metro_TV #KickAndyMetroTv
negative,Jangan di bakarin dong pak andy @KickAndyShow #kickandymetrot
negative,bikin sakit perut nonton kisah sarjana tertua di indonesia.. #KickAndyMetroTv
negative,Pekerjaan yg tdk sesuai dengan kualifikasi pendidikannya #KickAndyMetroTV
negative,"Tp ttp tdk msk surga, jd ibadahnya sia2 hahaah RT @melanjhe: sp bilang orang bertato tdk boleh beribadah?!? #kickandymetrotv"
negative,orang bertato tdk boleh beribadah?!? #kickandymetrotv
negative,Apakah kamu bodoh? Tidak!.. Kamu di bodohi oleh suatu sistem Mike-marjinal @kickandymetrotv
negative,"Gimana soal UN g bs bocor, pertanyaan Malaikat di alam kubur aja udah bocor. #KickAndyMetroTV"
negative,Masa ada anak lulus dg nilai palingg tinggi dan lulus SNMPTN Undangan bidik misi pdhl dia susah sekali... @SBYudhoyono #kickandymetrotv
negative,"Orang Belanda aja peduli sama orang2 indonesia yg berada d daerah terisolir, gimana dg pemerintah indonesia? Zhonk kickandyMetroTV"
negative,Merinding deh nonton #KickAndyMetroTV
negative,Indonesia2. Bahkan kita dididik untuk menjadi rusak.. #kickandymetrotv
negative,Parahnya kualitas pendidikan di Indonesia  #kickandymetrotv
negative,demi apapun ya kick andy sekarang botak?  #kickandymetrotv
negative,jadi merasa malu krn kalah dari org yg tdk sempurna tapi mempunyai yg lebih dari org sempurna #kickandymetrotv
negative,Hukum di Indonesia masih jauh dari kata ADIL #KickAndyMetroTV
negative,"aku kira makin tua makin keladi, malah jd macan ompong. Melempem. kecewa liat amin rais di @kickandymetrotv"
negative,"#kickAndyMetroTV MEDIA harus mengisi lebih banyak ttg kisah sukses di TV, bukan gosip berita rusuh & acara2 GG JELAS tai kucing!! #CATET"
negative,"#kickAndyMetroTV jika ingin dihargai orang, hargailah orang lain juga"
negative,Dibawah sana banyak yg lebih sulit jangan banyak mengeluh #kickandymetrotv
negative,"Hidup adalah  perjuangan yang melelahkan, capek #kickandy"
negative,Orang-orang yang berhenti belajar akan menjadi bodoh  #kickandy http://untub6158.m.humandesignindonesia.com/untub6158/rahasia-dalam-memikat-
negative,"Ambillah waktu untuk berfikir, jangan jadi perusak #kickandy http://koepb3112.m.networknumberone.com/koepb3112/tak-ada-yang-berubah-meski-sa"
negative,miris ketika melihat banyak perusak di indonesia #kickandy
negative,sistem Mike-marjinal banyak membodohi orang #kickandy
negative,stress melihat semua kekacauan yang ada #kickandy
negative,"kesel banget, coba kalian ada di posisi pak ahok #kickandy"
negative,"coba pulang kerumah, mati. Ga ada yg urus. Miskin kok. Kita akan taruh dia di apartemen #KickAndy #SuaraHatiAhok"
negative,"tidak ada orang bodoh, yang ada hanya orang malas"
positive,"Setuju. Al misbah, mata najwa dan kick andy program favorit"
positive,Metro_TV Mata Najwa: Pancasila Punya Kita http://metrotvn.ws/zNAj3qeb
positive,"Selera gue ini gatau akhir2 ini suka banget nonton metro tv kalo ga kick andy mata najwa, selera menua"
positive,Mantap Mata Najwa. Pasti seru nih
positive,Sahabat2.. yuk nonton Mata Najwa di Metro TV bersama Ketua Umum DPP PKB
positive,Suarakan terus kebenaran Mata Najwa
positive,"Selamat @NajwaShihab dan keluarga besar @Metro_TV Prestasi yg luar biasa, Dialog keren rugi klo terlewatkan nonton mata najwa"
positive,@TV_MATANAJWA Semoga acara Mata Najwa Metro TV jadi acara favorit dan semakin jaya berkualitas di masa mendatang
positive,Pasti menang cuma mata najwa yang paling ok RT @Metro_TV: Dukung Mata Najwa menjadi Program TV terbaik http://tl.gd/nnoc2f
positive,"Mata Najwa MetroTV, Inspiratif"
positive,KENAPA HARI INI TERASA TENTRAM DAN BAHAGIA NONTON MATA NAJWA @Metro_TV
positive,Mata Najwa paling keren acaranya matanya setajam silet
positive,Mata Najwa malam ini kayaknya bakal seru banget
positive,Mata Najwa memang paling keren Mantap
positive,"Keren! Tampil di Kandang Lawan, Pak Anies Baswedan Tampak Gemilang di Mata Najwa Metro TV"
positive,memang cukup romantis dan memuaskan pemirsa krn adanya mata najwa semakin sukses
positive,Menarik sekali mengikuti diskusi Ahok - Anis di Mata Najwa http://fb.me/5KYy9nAdC
positive,ahok merasa pinter dan merasa hebat di debat acara mata najwa metro tv.
positive,Mata Najwa dan Metro Tv berpihak pada paslon 3 Untung Ahok cerdas. Semangat pak! Allah bersamamu
positive,"Sudah terbukti di mata Najwa, kalau Ahok lebih hebat dari Anis Insaallah Ahok Jarot menang.."
positive,"sip, keren. debat ala mata najwa lebih keren daripada ala kpud yg sdh diatur utk lbh jaim"
positive,semoga bapak jokowi melihat acara mata najwa supaya masalah masalah yg dipelosok dapat diatasi
positive,keren deh. Mata Najwa juga.
positive,metro tv keren inspiratif dgn mata najwa nya kick andy
positive,metro tv emang tv paling keren ya edukatif dan menginspirasi seperti mata najwa dan kick andy
positive,Pemimpin itu harus Cerdas santun Tegas jujur bersih saya pilih AniesSandiPemersatu #MataNajwaMetroTv
positive,"Liat pemimpin2 yg islami, cerdas teladan #matanajwametrotv"
positive,rame banget malam ini #MataNajwaMetroTV selalu menunggu topik lain yang seru dan nambah wawasan.
positive,Kado indah malam ini. @najwashihab  matanajwametrotv https://instagram.com/p/3OoWqCwgYj/
positive,"Tjokro dan rumahnya menjadi teladan, tentang senioritas yang menghidupkan dan bukan mengkerdilkan. #MataNajwaMetroTv"
positive,"Semangat bp bambang woidjojayanto, @matanajwaMetroTv #saveKPK"
positive,belajar dari gusdur matanajwametrotv
positive,"mata najwa, ibu susi bpk dahlan dan bpk faisal basri inspiratif #matanajwametrotv"
positive,metro tv keren malam ini yang lg malam mingguan rugi klo ga nonton mata najwa @matanajwametrotv
positive,Kemerdekaan adalah hak segala bangsa #TanyaJokowi #MataNajwaMetroTV
positive,Seru nih mata najwa malam ini #MATANAJWAMETROTV
positive,Salut buat Ahok. #matanajwametrotv #hutjekardah
positive,Super Salut dengan Pak Ahok #matanajwametrotv
positive,"Matanajwametrotv berwibawa tak byk kata_berkuasa tetap sederhana, kagum"
positive,Salut dan bangga sm pak BJ. Habibie utk yg kesekian kalinya #MataNajwaMetroTV
positive,"obrolan santai menarik abraham slamet, jk jokowi anis baswedan ganjar #matanajwametrotv"
positive,"Anis baswedan , jokowi  ganjar pranowo  JK  abraham samad inspirasi indonesia  Keren !!! #matanajwametrotv"
positive,para pemimpin yg luar biasa #MataNajwaMetroTv
positive,"Kerendahan, kesederhanaan pak jokowi ini patut di tiru #matanajwametrotv"
positive,Seru nih Dahlan Iskan dan ketua DPR #matanajwametroTV
positive,Desa Bebas Rokok yg sangat menginspirasi dan ternyata ada. Luar biasa #MataNajwaMetroTV
positive,Selalu dan masih terinspirasi dengan cinta BJH dan HAB #matanajwaMetroTV http://myloc.me/8DDtO
positive,Selalu memberikan banyak inspirasi #matanajwaMetroTV
positive,Narasumber yang luar biasa #matanajwaMetroTV
positive,Cie yg lg ada job di @MataNajwa
negative,setelah nonton mata najwa soal radikalisme di @Metro_TV langsung keluar berita tersebut. Seram
negative,"Mata Najwa acara sampah, yg cuman memperkeruh suasana. Gue sbg pelajar mending pilih ILC. @MataNajwa @NajwaShihab @Metro_TV"
negative,kata aneh lagi diacara mata najwa metrotv mengajarkan Islam kepada umat Islam dikatakan Islamisi lebih edan lagi tokoh Islam manggut2
negative,ILC mendinginkan Mata Najwa memprovokasi Metro tv emang tv sampah ga bosan2 memojokan islam ! Metro tv perusak pancasila
negative,"Laporkan metro tv ke kpi, metro itu stres mata najwa selalu kalah oleh ILC"
negative,KECEWA MATA NAJWA MALAM INI TIDAK BERMUTU!! NARASI NAJWA BUKTI DIA GA NGERTI MASALAH KARENA KEBERPIHAKAN JADILAH KEBODOHAN
negative,"@Metro_TV untuk acara Mata najwa, host nya @NajwaShihab JANGAN SUKA MENYELA PEMBICARAAN ORANG KALAU BELUM SELESAI. GAK SOPAN"
negative,Jadi emosi & sakit hati nonton mata najwa @metro tv. Ganti chanel masakan aja
negative,"MASA DARI ISIS MIMIN ITU BOM KP. MELAYU, MAAF KATANYA ISIS ORGANISASI APA IKUT ORGANISASI MBAK MATA NAJWA? BETULKAH ITU MIMIN?"
negative,"fotonya kok @Pak_JK , yg integritasnya tdk jelas. Merusak reputasi Mata Najwa aja"
negative,gara2 di bantai teman sendiri sesama anggota DPR di mata najwa lu langsung benci metro TV
negative,@Metro_TV Muak melihat kesombongan FZ di acara live Mata Najwa
negative,"males lihat @Metro_TV biarpun yg datang org nomor satu dunia, ogah. @Metro_TV dan pembawa acara mata najwa sdh dicontreng hitam"
negative,"keseringan masuk @Metro_TV dan bergaul sama mata najwa, engga diapa-apain ngadu2"
negative,"Kan udah bilang di mata najwa metro tv, tanya aja sendiri ke bapak anis kok fitnah"
negative,Kenapa MUI tidak mengeluarkan Fatwa Haram Korupsi? Rasanya harus undang jg para petinggi MUI di mata najwa
negative,"Bravo Mata Najwa.. Debat Pilgub DKI kali ini garing,kalah sama MataNajwa yg mampu menggali lbh dalam #MataNajwa @Metro_TV"
negative,"#BatalDebatKarena Kasihan... pas debat Mata Najwa di metrotv aja Pak Basuki sudah hampir nangis, ga kebayang kemarin debat lagi"
negative,Setelah acara di mata najwa kasihan Pak Anies jd bulan2an di medsos untuk dihujat #AhokDjarotDiRosi
negative,"Nyetel metro tv mata najwa debat kemaren Bikin kesel masalah rumah, coba cek skrg msh ada ga itu rumah di webnya"
negative,"waktu awal sandi muncul sbg cawagub di metro tv dlm acara mata najwa, pak sandi sdh berbohong...."
negative,Ini Kesaksian Mengejutkan Pendukung Anies Yang Merasa Tertipu Di Acara Mata Najwa. MENIPU @Metro_TV @MataNajwa
negative,"#MataNajwaDebatJakarta  Di kandang Ahok, Metro TV dan mata Najwa  Mereka bagaikan sampah yg berserakan Anies pilihanku  Pasti"
negative,Katanya boikot MetroTV tp kok ngintip Mata Najwa
negative,"Malas lihat Anies, bawa sial aja ini orang lebih baik lihat Ahok aja di Mata Najwa"
negative,Nonton Mata Najwa @Metro_TV gw liat Anies ngomong bikin ngantuk #anaktangsel
negative,mata najwa  selalu menuduh menjelekan lawan memfonis lawan
negative,"Liat Mata Najwa @Metro_TV males, diskusi @basuki_btp sama @aniesbaswedan ga imbang.. salah satunya jualan mimpi"
negative,kayaknya mata Najwa mengadu domba kedua cagub di putaran 2 Pilkada DKI nih...
negative,"gak mungkin saya di penjara, saksinya aja palsu kok. Kata pak Ahok  #TerbuktiTeruji #MataNajwaMetroTv"
negative,"pak anis pak anis, rekaman 2 thn lalu msh disimpan loh sm metrotv  gak malu ya nelen ludah sendri? #MataNajwaMetroTv"
negative,Sebagus apapun sistem ketika yang menjalankan orang yg tidak baik. Maka jadilah sistem itu tidak baik pula #matanajwametrotv
negative,"Ridwan Bae tai  Tampang aja udah ngeselin, ayo mbk nana bully trus si Bae #MataNajwaMETROTV"
negative,Miris liat pengaturan skor di sepakbola indonesia  #matanajwametrotv
negative,"Dahulu pemuda berperang melawan penjajah, sekarang pemuda melawan kebiasaan buruk yang tak kunjung berubah #matanajwametrotv"
negative,Pasrah pak ? Haha TAI #MataNajwaMetroTV #SepakBolaMilikSiapa?
negative,"lo bilang kita2 ga punya kerjan ya, @radityadika #MataNajwaMetroTv"
negative,PSSI tempat pelacur diri sudah tak punya hati nurani! memalukan @MataNajwaMetroTV
negative,#MataNajwaMetroTV jembatan comal masih blm jadi... akibatya padat merayap...
negative,Bagaimana penegak MELANGGAR hukum? Kita TIDAK membayar SERAGAM mereka hanya untuk menegakkan HUKUM RIMBA @MataNajwa #MataNajwaMetroTv
negative,Pak wapresnya diketawain mulu ( bajusama staff hotel & celana robek ) @boediono  #matanajwametrotv
negative,RT @PutryVanVan: pemimpin itu mendongrak keadaan bukan mengokohkan materi #Matanajwametrotv
negative,"Tdk cukup dg menonton saja, km harus masuk kedalamnya untuk melakukan perubahan Ahok MataNajwaMetroTV"
negative,lembaga negara di indonesia bobrok semua...  #matanajwametrotv
negative,Org2 tolol. Dibilang DI DUGA dia udh mencak2. Yakin bgt jd tersangka #MataNajwaMetroTV
negative,ini apa banget deh gw paling kesel klo orang2 pada debat pake emosi gini @matanajwametrotv
negative,Orang miskin semakin miskin klo sekolah melakukan pungutan liar terus
negative,"ga boLeh emosi, cepat tua nonton #matanajwametrotv lihat bapak #hotmansutapea tiba2 ikut emosi bicara"
negative,"dr penampilan saja kyk preman taunya bkin kisruh, perusak #matanajwametrotv"
negative,"Jawab aja ga usah berbelit-belit. Muter2 ga jelas, Buang2 waktu. ga mutu #matanajwametroTV"
